year,month,month_index,election_cycle,election_year,jobs,pce,rdpi,cpi,ics,sp500,unemp
1940,12,-47,1,1944,34174,NA,NA,NA,NA,10.74333333,NA
1941,1,-46,1,1944,34481,NA,NA,NA,NA,9.983333333,NA
1941,2,-45,1,1944,34843,NA,NA,NA,NA,9.983333333,NA
1941,3,-44,1,1944,35092,NA,NA,NA,NA,9.983333333,NA
1941,4,-43,1,1944,35468,NA,NA,NA,NA,9.513333333,NA
1941,5,-42,1,1944,36182,NA,NA,NA,NA,9.513333333,NA
1941,6,-41,1,1944,36650,NA,NA,NA,NA,9.513333333,NA
1941,7,-40,1,1944,37137,NA,NA,NA,NA,10.29,NA
1941,8,-39,1,1944,37544,NA,NA,NA,NA,10.29,NA
1941,9,-38,1,1944,37835,NA,NA,NA,NA,10.29,NA
1941,10,-37,1,1944,37949,NA,NA,NA,NA,9.103333333,NA
1941,11,-36,1,1944,38024,NA,NA,NA,NA,9.103333333,NA
1941,12,-35,1,1944,38104,NA,NA,NA,NA,9.103333333,NA
1942,1,-34,1,1944,38347,NA,NA,NA,NA,8.483333333,NA
1942,2,-33,1,1944,38512,NA,NA,NA,NA,8.483333333,NA
1942,3,-32,1,1944,38935,NA,NA,NA,NA,8.483333333,NA
1942,4,-31,1,1944,39352,NA,NA,NA,NA,8.036666667,NA
1942,5,-30,1,1944,39771,NA,NA,NA,NA,8.036666667,NA
1942,6,-29,1,1944,40029,NA,NA,NA,NA,8.036666667,NA
1942,7,-28,1,1944,40472,NA,NA,NA,NA,8.676666667,NA
1942,8,-27,1,1944,40988,NA,NA,NA,NA,8.676666667,NA
1942,9,-26,1,1944,41259,NA,NA,NA,NA,8.676666667,NA
1942,10,-25,1,1944,41515,NA,NA,NA,NA,9.473333333,NA
1942,11,-24,1,1944,41674,NA,NA,NA,NA,9.473333333,NA
1942,12,-23,1,1944,41915,NA,NA,NA,NA,9.473333333,NA
1943,1,-22,1,1944,42172,NA,NA,NA,NA,10.99666667,NA
1943,2,-21,1,1944,42393,NA,NA,NA,NA,10.99666667,NA
1943,3,-20,1,1944,42552,NA,NA,NA,NA,10.99666667,NA
1943,4,-19,1,1944,42647,NA,NA,NA,NA,11.99666667,NA
1943,5,-18,1,1944,42596,NA,NA,NA,NA,11.99666667,NA
1943,6,-17,1,1944,42781,NA,NA,NA,NA,11.99666667,NA
1943,7,-16,1,1944,42700,NA,NA,NA,NA,11.91,NA
1943,8,-15,1,1944,42546,NA,NA,NA,NA,11.91,NA
1943,9,-14,1,1944,42492,NA,NA,NA,NA,11.91,NA
1943,10,-13,1,1944,42675,NA,NA,NA,NA,11.53333333,NA
1943,11,-12,1,1944,42821,NA,NA,NA,NA,11.53333333,NA
1943,12,-11,1,1944,42746,NA,NA,NA,NA,11.53333333,NA
1944,1,-10,1,1944,42654,NA,NA,NA,NA,11.89666667,NA
1944,2,-9,1,1944,42538,NA,NA,NA,NA,11.89666667,NA
1944,3,-8,1,1944,42294,NA,NA,NA,NA,11.89666667,NA
1944,4,-7,1,1944,42063,NA,NA,NA,NA,12.4,NA
1944,5,-6,1,1944,41985,NA,NA,NA,NA,12.4,NA
1944,6,-5,1,1944,41947,NA,NA,NA,NA,12.4,NA
1944,7,-4,1,1944,41904,NA,NA,NA,NA,12.75666667,NA
1944,8,-3,1,1944,41850,NA,NA,NA,NA,12.75666667,NA
1944,9,-2,1,1944,41679,NA,NA,NA,NA,12.75666667,NA
1944,10,-1,1,1944,41708,NA,NA,NA,NA,12.96333333,NA
1944,11,0,2,1944,41711,NA,NA,NA,NA,12.96333333,NA
1944,12,-47,2,1948,41860,NA,NA,NA,NA,12.96333333,NA
1945,1,-46,2,1948,41895,NA,NA,NA,NA,13.79333333,NA
1945,2,-45,2,1948,41897,NA,NA,NA,NA,13.79333333,NA
1945,3,-44,2,1948,41798,NA,NA,NA,NA,13.79333333,NA
1945,4,-43,2,1948,41446,NA,NA,NA,NA,14.90666667,NA
1945,5,-42,2,1948,41304,NA,NA,NA,NA,14.90666667,NA
1945,6,-41,2,1948,41149,NA,NA,NA,NA,14.90666667,NA
1945,7,-40,2,1948,40874,NA,NA,NA,NA,15.40666633,NA
1945,8,-39,2,1948,40466,NA,NA,NA,NA,15.40666633,NA
1945,9,-38,2,1948,38507,NA,NA,NA,NA,15.40666633,NA
1945,10,-37,2,1948,38600,NA,NA,NA,NA,17.06666733,NA
1945,11,-36,2,1948,38996,NA,NA,NA,NA,17.06666733,NA
1945,12,-35,2,1948,39110,NA,NA,NA,NA,17.06666733,NA
1946,1,-34,2,1948,39829,NA,NA,NA,NA,17.963334,NA
1946,2,-33,2,1948,39244,NA,NA,NA,NA,17.963334,NA
1946,3,-32,2,1948,40195,NA,NA,NA,NA,17.963334,NA
1946,4,-31,2,1948,40913,NA,NA,NA,NA,18.79,NA
1946,5,-30,2,1948,41349,NA,NA,NA,NA,18.79,NA
1946,6,-29,2,1948,41735,NA,NA,NA,NA,18.79,NA
1946,7,-28,2,1948,42153,NA,NA,NA,NA,16.523333,NA
1946,8,-27,2,1948,42642,NA,NA,NA,NA,16.523333,NA
1946,9,-26,2,1948,42915,NA,NA,NA,NA,16.523333,NA
1946,10,-25,2,1948,43093,NA,NA,NA,NA,14.94,NA
1946,11,-24,2,1948,43395,NA,NA,NA,NA,14.94,NA
1946,12,-23,2,1948,43379,NA,NA,NA,NA,14.94,NA
1947,1,-22,2,1948,43535,NA,NA,21.48,NA,15.42,NA
1947,2,-21,2,1948,43557,NA,NA,21.62,NA,15.42,NA
1947,3,-20,2,1948,43607,NA,NA,22,NA,15.42,NA
1947,4,-19,2,1948,43499,NA,NA,22,NA,14.74666667,NA
1947,5,-18,2,1948,43638,NA,NA,21.95,NA,14.74666667,NA
1947,6,-17,2,1948,43810,NA,NA,22.08,NA,14.74666667,NA
1947,7,-16,2,1948,43743,NA,NA,22.23,NA,15.39666667,NA
1947,8,-15,2,1948,43960,NA,NA,22.4,NA,15.39666667,NA
1947,9,-14,2,1948,44203,NA,NA,22.84,NA,15.39666667,NA
1947,10,-13,2,1948,44411,NA,NA,22.91,NA,15.23666667,NA
1947,11,-12,2,1948,44484,NA,NA,23.06,NA,15.23666667,NA
1947,12,-11,2,1948,44581,NA,NA,23.41,NA,15.23666667,NA
1948,1,-10,2,1948,44679,NA,NA,23.68,NA,14.56333333,3.4
1948,2,-9,2,1948,44533,NA,NA,23.67,NA,14.56333333,3.8
1948,3,-8,2,1948,44683,NA,NA,23.5,NA,14.56333333,4
1948,4,-7,2,1948,44379,NA,NA,23.82,NA,16.30333367,3.9
1948,5,-6,2,1948,44796,NA,NA,24.01,NA,16.30333367,3.5
1948,6,-5,2,1948,45034,NA,NA,24.15,NA,16.30333367,3.6
1948,7,-4,2,1948,45160,NA,NA,24.4,NA,15.77,3.6
1948,8,-3,2,1948,45178,NA,NA,24.43,NA,15.77,3.9
1948,9,-2,2,1948,45294,NA,NA,24.36,NA,15.77,3.8
1948,10,-1,2,1948,45245,NA,NA,24.31,NA,15.48333333,3.7
1948,11,0,3,1948,45192,NA,NA,24.16,NA,15.48333333,3.8
1948,12,-47,3,1952,45032,NA,NA,24.05,NA,15.48333333,4
1949,1,-46,3,1952,44668,NA,NA,24.01,NA,14.96666667,4.3
1949,2,-45,3,1952,44497,NA,NA,23.91,NA,14.96666667,4.7
1949,3,-44,3,1952,44240,NA,NA,23.91,NA,14.96666667,5
1949,4,-43,3,1952,44236,NA,NA,23.92,NA,14.35333333,5.3
1949,5,-42,3,1952,43984,NA,NA,23.91,NA,14.35333333,6.1
1949,6,-41,3,1952,43739,NA,NA,23.92,NA,14.35333333,6.2
1949,7,-40,3,1952,43531,NA,NA,23.7,NA,15.28,6.7
1949,8,-39,3,1952,43624,NA,NA,23.7,NA,15.28,6.8
1949,9,-38,3,1952,43780,NA,NA,23.75,NA,15.28,6.6
1949,10,-37,3,1952,42942,NA,NA,23.67,NA,16.296667,7.9
1949,11,-36,3,1952,43242,NA,NA,23.7,NA,16.296667,6.4
1949,12,-35,3,1952,43522,NA,NA,23.61,NA,16.296667,6.6
1950,1,-34,3,1952,43526,NA,NA,23.51,NA,17.18666633,6.5
1950,2,-33,3,1952,43297,NA,NA,23.61,NA,17.18666633,6.4
1950,3,-32,3,1952,43954,NA,NA,23.64,NA,17.18666633,6.3
1950,4,-31,3,1952,44382,NA,NA,23.65,NA,18.18000067,5.8
1950,5,-30,3,1952,44718,NA,NA,23.77,NA,18.18000067,5.5
1950,6,-29,3,1952,45083,NA,NA,23.88,NA,18.18000067,5.4
1950,7,-28,3,1952,45454,NA,NA,24.07,NA,18.57000033,5
1950,8,-27,3,1952,46192,NA,NA,24.2,NA,18.57000033,4.5
1950,9,-26,3,1952,46438,NA,NA,24.34,NA,18.57000033,4.4
1950,10,-25,3,1952,46706,NA,NA,24.5,NA,19.816667,4.2
1950,11,-24,3,1952,46776,NA,NA,24.6,NA,19.816667,4.2
1950,12,-23,3,1952,46861,NA,NA,24.98,NA,19.816667,4.3
1951,1,-22,3,1952,47288,NA,NA,25.38,NA,21.61999967,3.7
1951,2,-21,3,1952,47577,NA,NA,25.83,NA,21.61999967,3.4
1951,3,-20,3,1952,47873,NA,NA,25.88,NA,21.61999967,3.4
1951,4,-19,3,1952,47861,NA,NA,25.92,NA,21.63666633,3.1
1951,5,-18,3,1952,47952,NA,NA,25.99,NA,21.63666633,3
1951,6,-17,3,1952,48064,NA,NA,25.93,NA,21.63666633,3.2
1951,7,-16,3,1952,48061,NA,NA,25.91,NA,22.98000033,3.1
1951,8,-15,3,1952,48012,NA,NA,25.86,NA,22.98000033,3.1
1951,9,-14,3,1952,47954,NA,NA,26.03,NA,22.98000033,3.3
1951,10,-13,3,1952,48006,NA,NA,26.16,NA,23.19666667,3.5
1951,11,-12,3,1952,48147,NA,NA,26.32,NA,23.19666667,3.5
1951,12,-11,3,1952,48314,NA,NA,26.47,NA,23.19666667,3.1
1952,1,-10,3,1952,48296,NA,NA,26.45,86.2,23.92333333,3.2
1952,2,-9,3,1952,48522,NA,NA,26.41,86.2,23.92333333,3.1
1952,3,-8,3,1952,48504,NA,NA,26.39,86.2,23.92333333,2.9
1952,4,-7,3,1952,48620,NA,NA,26.46,86.2,24.04666667,2.9
1952,5,-6,3,1952,48642,NA,NA,26.47,86.2,24.04666667,3
1952,6,-5,3,1952,48282,NA,NA,26.53,86.2,24.04666667,3
1952,7,-4,3,1952,48143,NA,NA,26.68,86.2,24.99000067,3.2
1952,8,-3,3,1952,48924,NA,NA,26.69,86.2,24.99000067,3.4
1952,9,-2,3,1952,49320,NA,NA,26.63,86.2,24.99000067,3.1
1952,10,-1,3,1952,49597,NA,NA,26.69,86.2,25.58333333,3
1952,11,0,4,1952,49816,NA,NA,26.69,86.2,25.58333333,2.8
1952,12,-47,4,1956,50166,NA,NA,26.71,86.2,25.58333333,2.7
1953,1,-46,4,1956,50144,NA,NA,26.64,90.7,25.85666667,2.9
1953,2,-45,4,1956,50339,NA,NA,26.59,90.7,25.85666667,2.6
1953,3,-44,4,1956,50473,NA,NA,26.63,90.7,25.85666667,2.6
1953,4,-43,4,1956,50435,NA,NA,26.69,90.7,24.43333367,2.7
1953,5,-42,4,1956,50490,NA,NA,26.7,90.7,24.43333367,2.5
1953,6,-41,4,1956,50519,NA,NA,26.77,90.7,24.43333367,2.5
1953,7,-40,4,1956,50536,NA,NA,26.79,90.7,23.80666667,2.6
1953,8,-39,4,1956,50489,NA,NA,26.85,80.8,23.80666667,2.7
1953,9,-38,4,1956,50368,NA,NA,26.89,80.8,23.80666667,2.9
1953,10,-37,4,1956,50240,NA,NA,26.95,80.8,24.70333333,3.1
1953,11,-36,4,1956,49908,NA,NA,26.85,80.7,24.70333333,3.5
1953,12,-35,4,1956,49703,NA,NA,26.87,80.7,24.70333333,4.5
1954,1,-34,4,1956,49469,NA,NA,26.94,82,26.39000033,4.9
1954,2,-33,4,1956,49382,NA,NA,26.99,82,26.39000033,5.2
1954,3,-32,4,1956,49157,NA,NA,26.93,82,26.39000033,5.7
1954,4,-31,4,1956,49179,NA,NA,26.86,82,28.88666667,5.9
1954,5,-30,4,1956,48965,NA,NA,26.93,82.9,28.88666667,5.9
1954,6,-29,4,1956,48895,NA,NA,26.94,82.9,28.88666667,5.6
1954,7,-28,4,1956,48835,NA,NA,26.86,82.9,31.00666667,5.8
1954,8,-27,4,1956,48826,NA,NA,26.85,82.9,31.00666667,6
1954,9,-26,4,1956,48886,NA,NA,26.81,82.9,31.00666667,6.1
1954,10,-25,4,1956,48942,NA,NA,26.72,82.9,33.96666733,5.7
1954,11,-24,4,1956,49180,NA,NA,26.78,87,33.96666733,5.3
1954,12,-23,4,1956,49331,NA,NA,26.77,87,33.96666733,5
1955,1,-22,4,1956,49496,NA,NA,26.77,95.9,36.656667,4.9
1955,2,-21,4,1956,49644,NA,NA,26.82,95.9,36.656667,4.7
1955,3,-20,4,1956,49962,NA,NA,26.79,95.9,36.656667,4.6
1955,4,-19,4,1956,50248,NA,NA,26.79,95.9,38.966666,4.7
1955,5,-18,4,1956,50512,NA,NA,26.77,99.1,38.966666,4.3
1955,6,-17,4,1956,50790,NA,NA,26.71,99.1,38.966666,4.2
1955,7,-16,4,1956,50987,NA,NA,26.76,99.1,43.456666,4
1955,8,-15,4,1956,51111,NA,NA,26.72,99.1,43.456666,4.2
1955,9,-14,4,1956,51266,NA,NA,26.85,99.1,43.456666,4.1
1955,10,-13,4,1956,51429,NA,NA,26.82,99.1,44.44333267,4.3
1955,11,-12,4,1956,51592,NA,NA,26.88,99.7,44.44333267,4.2
1955,12,-11,4,1956,51805,NA,NA,26.87,99.7,44.44333267,4.2
1956,1,-10,4,1956,51975,NA,NA,26.83,98.2,45.88,4
1956,2,-9,4,1956,52167,NA,NA,26.86,98.2,45.88,3.9
1956,3,-8,4,1956,52294,NA,NA,26.89,98.2,45.88,4.2
1956,4,-7,4,1956,52375,NA,NA,26.93,98.2,46.850001,4
1956,5,-6,4,1956,52506,NA,NA,27.03,98.2,46.850001,4.3
1956,6,-5,4,1956,52586,NA,NA,27.15,98.2,46.850001,4.3
1956,7,-4,4,1956,51955,NA,NA,27.29,98.2,47.416665,4.4
1956,8,-3,4,1956,52631,NA,NA,27.31,99.9,47.416665,4.1
1956,9,-2,4,1956,52604,NA,NA,27.35,99.9,47.416665,3.9
1956,10,-1,4,1956,52777,NA,NA,27.51,99.9,45.77666733,3.9
1956,11,0,5,1956,52821,NA,NA,27.51,100.2,45.77666733,4.3
1956,12,-47,5,1960,52929,NA,NA,27.63,100.2,45.77666733,4.2
1957,1,-46,5,1960,52887,NA,NA,27.67,92.9,44.03,4.2
1957,2,-45,5,1960,53097,NA,NA,27.8,92.9,44.03,3.9
1957,3,-44,5,1960,53156,NA,NA,27.86,92.9,44.03,3.7
1957,4,-43,5,1960,53238,NA,NA,27.93,92.9,46.846667,3.9
1957,5,-42,5,1960,53150,NA,NA,28,92.9,46.846667,4.1
1957,6,-41,5,1960,53067,NA,NA,28.11,92.9,46.846667,4.3
1957,7,-40,5,1960,53123,NA,NA,28.19,92.9,45.183333,4.2
1957,8,-39,5,1960,53128,NA,NA,28.28,92.9,45.183333,4.1
1957,9,-38,5,1960,52934,NA,NA,28.32,92.9,45.183333,4.4
1957,10,-37,5,1960,52763,NA,NA,28.32,92.9,40.92333467,4.5
1957,11,-36,5,1960,52558,NA,NA,28.41,83.7,40.92333467,5.1
1957,12,-35,5,1960,52384,NA,NA,28.47,83.7,40.92333467,5.2
1958,1,-34,5,1960,52076,NA,NA,28.64,78.5,41.54666633,5.8
1958,2,-33,5,1960,51576,NA,NA,28.7,78.5,41.54666633,6.4
1958,3,-32,5,1960,51299,NA,NA,28.87,78.5,41.54666633,6.7
1958,4,-31,5,1960,51027,NA,NA,28.94,78.5,44.256667,7.4
1958,5,-30,5,1960,50914,NA,NA,28.94,80.9,44.256667,7.4
1958,6,-29,5,1960,50914,NA,NA,28.91,80.9,44.256667,7.3
1958,7,-28,5,1960,51039,NA,NA,28.89,80.9,48.33333333,7.5
1958,8,-27,5,1960,51233,NA,NA,28.94,80.9,48.33333333,7.4
1958,9,-26,5,1960,51506,NA,NA,28.91,80.9,48.33333333,7.1
1958,10,-25,5,1960,51485,NA,NA,28.91,80.9,53.006667,6.7
1958,11,-24,5,1960,51944,NA,NA,28.95,90.8,53.006667,6.2
1958,12,-23,5,1960,52085,NA,NA,28.97,90.8,53.006667,6.2
1959,1,-22,5,1960,52478,306.1,2318.4,29.01,95.3,55.43333333,6
1959,2,-21,5,1960,52688,309.6,2325.4,29,95.3,55.43333333,5.9
1959,3,-20,5,1960,53014,312.7,2338.7,28.97,95.3,55.43333333,5.6
1959,4,-19,5,1960,53321,312.2,2353.8,28.98,95.3,58.246667,5.2
1959,5,-18,5,1960,53550,316.1,2366.6,29.04,95.3,58.246667,5.1
1959,6,-17,5,1960,53681,318.2,2374.5,29.11,95.3,58.246667,5
1959,7,-16,5,1960,53804,317.8,2370.8,29.15,95.3,58.99666567,5.1
1959,8,-15,5,1960,53336,320.2,2356.8,29.18,95.3,58.99666567,5.2
1959,9,-14,5,1960,53428,324.2,2357.8,29.25,95.3,58.99666567,5.5
1959,10,-13,5,1960,53358,322.8,2359.5,29.35,95.3,58.56333267,5.7
1959,11,-12,5,1960,53634,322.9,2376.6,29.35,93.8,58.56333267,5.8
1959,12,-11,5,1960,54174,322.9,2399.7,29.41,93.8,58.56333267,5.3
1960,1,-10,5,1960,54274,323.6,2404.9,29.37,100,55.69,5.2
1960,2,-9,5,1960,54513,325.3,2405.3,29.41,100,55.69,4.8
1960,3,-8,5,1960,54454,330.2,2408.1,29.41,100,55.69,5.4
1960,4,-7,5,1960,54813,336.5,2417.3,29.54,100,55.70666633,5.2
1960,5,-6,5,1960,54475,330,2422.6,29.57,93.3,55.70666633,5.1
1960,6,-5,5,1960,54348,330.1,2424.9,29.61,93.3,55.70666633,5.4
1960,7,-4,5,1960,54306,331.4,2428.8,29.55,93.3,55.329999,5.5
1960,8,-3,5,1960,54272,331.6,2423.3,29.61,97.2,55.329999,5.6
1960,9,-2,5,1960,54227,333.4,2426.7,29.61,97.2,55.329999,5.5
1960,10,-1,5,1960,54142,335.4,2435.6,29.75,97.2,55.68000033,6.1
1960,11,0,6,1960,53961,335.4,2425.5,29.78,90.1,55.68000033,6.1
1960,12,-47,6,1964,53742,331.3,2414.6,29.81,90.1,55.68000033,6.6
1961,1,-46,6,1964,53683,332.2,2437.9,29.84,91.6,63.42666533,6.6
1961,2,-45,6,1964,53557,333.7,2448.1,29.84,91.6,63.42666533,6.9
1961,3,-44,6,1964,53659,337.7,2458.4,29.84,91.6,63.42666533,6.9
1961,4,-43,6,1964,53627,337.6,2463.4,29.81,91.6,65.50333167,7
1961,5,-42,6,1964,53786,339.9,2483.5,29.84,92.5,65.50333167,7.1
1961,6,-41,6,1964,53977,340.9,2509.1,29.84,92.5,65.50333167,6.9
1961,7,-40,6,1964,54123,340.6,2517.6,29.92,92.5,67.18666833,7
1961,8,-39,6,1964,54298,342.1,2517.7,29.94,99.2,67.18666833,6.6
1961,9,-38,6,1964,54388,344.4,2519.9,29.98,99.2,67.18666833,6.7
1961,10,-37,6,1964,54522,346.5,2546.6,29.98,99.2,70.49666867,6.5
1961,11,-36,6,1964,54742,349.9,2570.1,29.98,93,70.49666867,6.1
1961,12,-35,6,1964,54872,352.4,2585.8,30.01,93,70.49666867,6
1962,1,-34,6,1964,54891,353.2,2579.4,30.04,99.9,69.44999933,5.8
1962,2,-33,6,1964,55188,354,2590.9,30.11,99.9,69.44999933,5.5
1962,3,-32,6,1964,55275,357.4,2608.1,30.17,99.9,69.44999933,5.6
1962,4,-31,6,1964,55602,359,2619.6,30.21,99.9,59.873333,5.6
1962,5,-30,6,1964,55628,362,2621.1,30.24,95.4,59.873333,5.5
1962,6,-29,6,1964,55644,360.4,2621.6,30.21,95.4,59.873333,5.5
1962,7,-28,6,1964,55746,361.4,2633,30.22,95.4,57.873333,5.4
1962,8,-27,6,1964,55838,362.9,2635.5,30.28,91.6,57.873333,5.7
1962,9,-26,6,1964,55978,368.8,2636.3,30.42,91.6,57.873333,5.6
1962,10,-25,6,1964,56041,366.5,2649.3,30.38,91.6,60.62666533,5.4
1962,11,-24,6,1964,56056,371.7,2656.5,30.38,95,60.62666533,5.7
1962,12,-23,6,1964,56028,373.6,2669,30.38,95,60.62666533,5.5
1963,1,-22,6,1964,56115,374.4,2688.2,30.44,98.4,65.686666,5.7
1963,2,-21,6,1964,56230,373.4,2672.3,30.48,98.4,65.686666,5.9
1963,3,-20,6,1964,56320,375,2683.6,30.51,98.4,65.686666,5.7
1963,4,-19,6,1964,56580,376.4,2694.6,30.48,98.4,69.990003,5.7
1963,5,-18,6,1964,56616,377.2,2705,30.51,91.7,69.990003,5.9
1963,6,-17,6,1964,56659,381.7,2718.6,30.61,91.7,69.990003,5.6
1963,7,-16,6,1964,56794,384.4,2721.6,30.69,91.7,71.109998,5.6
1963,8,-15,6,1964,56910,386.3,2732.5,30.75,96.4,71.109998,5.4
1963,9,-14,6,1964,57078,385.5,2752.9,30.72,96.4,71.109998,5.5
1963,10,-13,6,1964,57283,386,2768.9,30.75,96.4,74.08666733,5.5
1963,11,-12,6,1964,57255,389.4,2774.7,30.78,94.4,74.08666733,5.7
1963,12,-11,6,1964,57361,394.7,2797.1,30.88,94.4,74.08666733,5.5
1964,1,-10,6,1964,57487,396.8,2806.4,30.94,99.5,77.94000233,5.6
1964,2,-9,6,1964,57753,400.2,2815.3,30.91,99.5,77.94000233,5.4
1964,3,-8,6,1964,57897,401.8,2882.1,30.94,99.5,77.94000233,5.4
1964,4,-7,6,1964,57922,402.8,2897.7,30.95,99.5,80.506668,5.3
1964,5,-6,6,1964,58089,408.4,2912.9,30.98,98.5,80.506668,5.1
1964,6,-5,6,1964,58219,411.4,2922.5,31.01,98.5,80.506668,5.2
1964,7,-4,6,1964,58412,414.9,2936.4,31.02,98.5,83.063334,4.9
1964,8,-3,6,1964,58619,417.7,2949.4,31.05,100.6,83.063334,5
1964,9,-2,6,1964,58903,416.6,2961.1,31.08,100.6,83.063334,5.1
1964,10,-1,6,1964,58793,419.6,2960.2,31.12,100.6,84.67666633,5.1
1964,11,0,7,1964,59218,416.4,2979.4,31.21,99.9,84.67666633,4.8
1964,12,-47,7,1968,59421,421,3008,31.25,99.9,84.67666633,5
1965,1,-46,7,1968,59582,424.4,3013.8,31.28,102,87.05000067,4.9
1965,2,-45,7,1968,59800,431.4,3014.5,31.28,102,87.05000067,5.1
1965,3,-44,7,1968,60003,433.3,3024.6,31.31,102,87.05000067,4.7
1965,4,-43,7,1968,60259,437.1,3027.8,31.38,102,87.21666733,4.8
1965,5,-42,7,1968,60491,437.6,3061.4,31.48,105.4,87.21666733,4.6
1965,6,-41,7,1968,60690,435.2,3065.8,31.61,105.4,87.21666733,4.6
1965,7,-40,7,1968,60965,441,3097.8,31.58,105.4,87.459999,4.4
1965,8,-39,7,1968,61228,444.4,3113.1,31.55,103.4,87.459999,4.4
1965,9,-38,7,1968,61490,452,3194.5,31.62,103.4,87.459999,4.3
1965,10,-37,7,1968,61719,458.5,3178.9,31.65,103.4,92.153333,4.2
1965,11,-36,7,1968,61996,459.1,3201.4,31.75,102.9,92.153333,4.1
1965,12,-35,7,1968,62322,461.7,3214.6,31.85,102.9,92.153333,4
1966,1,-34,7,1968,62529,465.2,3216.8,31.88,100,91.11000033,4
1966,2,-33,7,1968,62796,470.2,3230.2,32.08,100,91.11000033,3.8
1966,3,-32,7,1968,63192,475,3242.8,32.18,100,91.11000033,3.8
1966,4,-31,7,1968,63437,476.9,3230.5,32.28,100,87.30999767,3.8
1966,5,-30,7,1968,63712,473.1,3235.7,32.35,95.7,87.30999767,3.9
1966,6,-29,7,1968,64111,475.5,3249.2,32.38,95.7,87.30999767,3.8
1966,7,-28,7,1968,64301,480.6,3260.4,32.45,95.7,79.08666467,3.8
1966,8,-27,7,1968,64507,483.2,3277.2,32.65,91.2,79.08666467,3.8
1966,9,-26,7,1968,64643,489.2,3296.6,32.75,91.2,79.08666467,3.7
1966,10,-25,7,1968,64854,488.3,3307.3,32.85,91.2,80.32666533,3.7
1966,11,-24,7,1968,65019,490.1,3322.5,32.88,88.3,80.32666533,3.6
1966,12,-23,7,1968,65199,491.8,3319.6,32.92,88.3,80.32666533,3.8
1967,1,-22,7,1968,65407,494.2,3353.7,32.9,94.1,87.86333233,3.9
1967,2,-21,7,1968,65429,493,3360.2,33,94.1,87.86333233,3.8
1967,3,-20,7,1968,65530,495.8,3385.5,33,94.1,87.86333233,3.8
1967,4,-19,7,1968,65466,501.3,3384.5,33.1,94.1,91.24333433,3.8
1967,5,-18,7,1968,65620,502.2,3391.3,33.1,95.9,91.24333433,3.8
1967,6,-17,7,1968,65750,506.8,3403.8,33.3,95.9,91.24333433,3.9
1967,7,-16,7,1968,65888,506.7,3417.4,33.4,95.9,95.03333267,3.8
1967,8,-15,7,1968,66143,509.8,3429.7,33.5,97,95.03333267,3.8
1967,9,-14,7,1968,66164,515.6,3429.3,33.6,97,95.03333267,3.8
1967,10,-13,7,1968,66225,512.2,3434.5,33.7,97,94.59000133,4
1967,11,-12,7,1968,66703,517.4,3455.3,33.9,92.9,94.59000133,3.9
1967,12,-11,7,1968,66900,525.1,3461.6,34,92.9,94.59000133,3.8
1968,1,-10,7,1968,66804,530.9,3480.2,34.1,97.2,90.59999867,3.7
1968,2,-9,7,1968,67215,533.6,3505.4,34.2,97.2,90.59999867,3.8
1968,3,-8,7,1968,67295,544.3,3538.4,34.3,97.2,90.59999867,3.7
1968,4,-7,7,1968,67556,544,3550.7,34.4,97.2,98.57333367,3.5
1968,5,-6,7,1968,67652,549.8,3565.2,34.5,92.4,98.57333367,3.5
1968,6,-5,7,1968,67905,556.3,3581.3,34.7,92.4,98.57333367,3.7
1968,7,-4,7,1968,68126,563.2,3573.9,34.9,92.4,99.75666567,3.7
1968,8,-3,7,1968,68330,567,3578.5,35,92.4,99.75666567,3.5
1968,9,-2,7,1968,68484,568.2,3578.9,35.1,92.4,99.75666567,3.4
1968,10,-1,7,1968,68721,571.6,3591.7,35.3,92.4,105.213336,3.4
1968,11,0,8,1968,68984,576.7,3605.1,35.4,91.7,105.213336,3.4
1968,12,-47,8,1972,69248,576.5,3617.6,35.6,91.7,105.213336,3.4
1969,1,-46,8,1972,69439,583.5,3611,35.7,98.2,100.8833337,3.4
1969,2,-45,8,1972,69699,588.7,3611.8,35.8,98.2,100.8833337,3.4
1969,3,-44,8,1972,69905,588.9,3618.3,36.1,98.2,100.8833337,3.4
1969,4,-43,8,1972,70072,593.9,3613,36.3,98.2,101.62,3.4
1969,5,-42,8,1972,70328,600.3,3654.1,36.4,91.5,101.62,3.4
1969,6,-41,8,1972,70636,600.9,3679.9,36.6,91.5,101.62,3.5
1969,7,-40,8,1972,70729,602.7,3705.6,36.8,91.5,93.486669,3.5
1969,8,-39,8,1972,71008,609.9,3728.3,36.9,86.4,93.486669,3.5
1969,9,-38,8,1972,70914,613.2,3736.6,37.1,86.4,93.486669,3.7
1969,10,-37,8,1972,71121,618.5,3745.4,37.3,86.4,94.32999967,3.7
1969,11,-36,8,1972,71086,620.5,3751.9,37.5,79.7,94.32999967,3.5
1969,12,-35,8,1972,71241,622.8,3758.6,37.7,79.7,94.32999967,3.5
1970,1,-34,8,1972,71176,628.7,3778.6,37.9,78.1,88.049998,3.9
1970,2,-33,8,1972,71305,634,3790.5,38.1,78.1,88.049998,4.2
1970,3,-32,8,1972,71451,632.3,3805,38.3,78.1,88.049998,4.4
1970,4,-31,8,1972,71348,636,3846,38.5,78.1,76.93000033,4.6
1970,5,-30,8,1972,71124,642.4,3830.3,38.6,75.4,76.93000033,4.8
1970,6,-29,8,1972,71029,646.3,3838.2,38.8,75.4,76.93000033,4.9
1970,7,-28,8,1972,71053,648.5,3892.6,38.9,75.4,81.290001,5
1970,8,-27,8,1972,70937,652.9,3905.1,39,77.6,81.290001,5.1
1970,9,-26,8,1972,70944,659.1,3900.8,39.2,77.6,81.290001,5.4
1970,10,-25,8,1972,70521,658.3,3888.1,39.4,77.6,87.533333,5.5
1970,11,-24,8,1972,70409,656.6,3882.3,39.6,72.4,87.533333,5.9
1970,12,-23,8,1972,70792,665.6,3900,39.8,72.4,87.533333,6.1
1971,1,-22,8,1972,70865,676.1,3959.8,39.9,78.1,97.646665,5.9
1971,2,-21,8,1972,70807,679.4,3965.2,39.9,78.1,97.646665,5.9
1971,3,-20,8,1972,70860,682,3978.2,40,78.1,97.646665,6
1971,4,-19,8,1972,71036,688.8,3986.5,40.1,78.1,100.759997,5.9
1971,5,-18,8,1972,71247,691.1,4002.6,40.3,80.2,100.759997,5.9
1971,6,-17,8,1972,71254,699.8,4087.3,40.5,80.2,100.759997,5.9
1971,7,-16,8,1972,71315,698.9,4029.1,40.6,80.2,97.649999,6
1971,8,-15,8,1972,71373,704.9,4043.3,40.7,82.1,97.649999,6.1
1971,9,-14,8,1972,71614,713,4067.3,40.8,82.1,97.649999,6
1971,10,-13,8,1972,71642,715.8,4080.4,40.9,82.1,96.769999,5.8
1971,11,-12,8,1972,71847,720.9,4090,41,82,96.769999,6
1971,12,-11,8,1972,72109,728.4,4110.9,41.1,82,96.769999,6
1972,1,-10,8,1972,72441,731.5,4090.1,41.2,92.8,105.903333,5.8
1972,2,-9,8,1972,72648,736.2,4115.2,41.4,92.8,105.903333,5.7
1972,3,-8,8,1972,72944,749.2,4132.3,41.4,92.8,105.903333,5.8
1972,4,-7,8,1972,73162,752.5,4130.6,41.5,92.8,108.113332,5.7
1972,5,-6,8,1972,73469,758,4160.9,41.6,88.6,108.113332,5.7
1972,6,-5,8,1972,73758,761.6,4174.2,41.7,88.6,108.113332,5.7
1972,7,-4,8,1972,73709,769.9,4204.5,41.8,88.6,109.676666,5.6
1972,8,-3,8,1972,74141,776.3,4243.5,41.9,95.2,109.676666,5.6
1972,9,-2,8,1972,74264,781.1,4260,42.1,95.2,109.676666,5.5
1972,10,-1,8,1972,74674,794.9,4366.9,42.2,95.2,115.4333343,5.6
1972,11,0,9,1972,74973,800.5,4415.4,42.4,90.7,115.4333343,5.3
1972,12,-47,9,1976,75268,806.1,4435.1,42.5,90.7,115.4333343,5.2
1973,1,-46,9,1976,75617,816.5,4411.9,42.7,81.9,113.0766653,4.9
1973,2,-45,9,1976,76014,825.8,4444.7,43,81.9,113.0766653,5
1973,3,-44,9,1976,76284,832.8,4461,43.4,81.9,113.0766653,4.9
1973,4,-43,9,1976,76455,835.7,4466.7,43.7,81.9,105.3933333,5
1973,5,-42,9,1976,76648,841.6,4475,43.9,77,105.3933333,4.9
1973,6,-41,9,1976,76887,844.3,4488.3,44.2,77,105.3933333,4.9
1973,7,-40,9,1976,76913,854.1,4499,44.2,77,106.966667,4.8
1973,8,-39,9,1976,77168,853.3,4484.4,45,72,106.966667,4.8
1973,9,-38,9,1976,77276,869.2,4507.3,45.2,72,106.966667,4.8
1973,10,-37,9,1976,77607,868.2,4546.9,45.6,72,100.600001,4.6
1973,11,-36,9,1976,77920,876.9,4554.1,45.9,76.5,100.600001,4.8
1973,12,-35,9,1976,78031,876.6,4537.2,46.3,76.5,100.600001,4.9
1974,1,-34,9,1976,78100,884.5,4504.1,46.8,61.8,95.59000133,5.1
1974,2,-33,9,1976,78254,889.7,4470.2,47.3,61.8,95.59000133,5.2
1974,3,-32,9,1976,78296,901.4,4438.2,47.8,61.8,95.59000133,5.1
1974,4,-31,9,1976,78382,910.8,4435.1,48.1,61.8,87.86333233,5.1
1974,5,-30,9,1976,78549,922.4,4430.6,48.6,72.1,87.86333233,5.1
1974,6,-29,9,1976,78604,928,4421.7,49,72.1,87.86333233,5.4
1974,7,-28,9,1976,78636,937.9,4438.7,49.3,72.1,71.666667,5.5
1974,8,-27,9,1976,78619,954.8,4432.6,49.9,64.4,71.666667,5.5
1974,9,-26,9,1976,78610,955.1,4428,50.6,64.4,71.666667,5.9
1974,10,-25,9,1976,78630,959.2,4442.6,51,64.4,70.81000033,6
1974,11,-24,9,1976,78265,956.2,4419,51.5,59.5,70.81000033,6.6
1974,12,-23,9,1976,77652,961.8,4419.7,51.9,59.5,70.81000033,7.2
1975,1,-22,9,1976,77293,975.6,4417.4,52.3,57.6,80.64333333,8.1
1975,2,-21,9,1976,76918,989.4,4420.1,52.6,57.6,80.64333333,8.1
1975,3,-20,9,1976,76648,990.6,4424.1,52.8,57.6,80.64333333,8.6
1975,4,-19,9,1976,76460,995,4505.1,53,57.6,91.21333567,8.8
1975,5,-18,9,1976,76624,1018.9,4765.1,53.1,72.8,91.21333567,9
1975,6,-17,9,1976,76521,1026.8,4604.9,53.5,72.8,91.21333567,8.8
1975,7,-16,9,1976,76770,1039.8,4533.9,54,72.8,86.5,8.6
1975,8,-15,9,1976,77153,1047,4564.1,54.2,75.7,86.5,8.4
1975,9,-14,9,1976,77228,1054.8,4575.2,54.6,75.7,86.5,8.4
1975,10,-13,9,1976,77540,1060.9,4594.3,54.9,75.7,90.156667,8.4
1975,11,-12,9,1976,77685,1075.8,4590.9,55.3,75.6,90.156667,8.3
1975,12,-11,9,1976,78017,1092.1,4595.3,55.6,75.6,90.156667,8.2
1976,1,-10,9,1976,78503,1107.1,4625.1,55.8,84.6,101.1133323,7.9
1976,2,-9,9,1976,78816,1107.7,4653.7,55.9,84.6,101.1133323,7.7
1976,3,-8,9,1976,79048,1114.9,4667.6,56,84.6,101.1133323,7.6
1976,4,-7,9,1976,79292,1125.4,4673.7,56.1,84.6,102.0333327,7.7
1976,5,-6,9,1976,79312,1122.7,4673.8,56.4,83.3,102.0333327,7.4
1976,6,-5,9,1976,79376,1140.5,4678.3,56.7,83.3,102.0333327,7.6
1976,7,-4,9,1976,79547,1149.6,4705.1,57,83.3,103.8633347,7.8
1976,8,-3,9,1976,79704,1158,4714.6,57.3,89.7,103.8633347,7.8
1976,9,-2,9,1976,79892,1168.8,4715.6,57.6,89.7,103.8633347,7.6
1976,10,-1,9,1976,79911,1176.8,4707.4,57.9,89.7,104.153333,7.7
1976,11,0,10,1976,80240,1189,4749.8,58.1,87,104.153333,7.8
1976,12,-47,10,1980,80448,1211.5,4767.9,58.4,87,104.153333,7.8
1977,1,-46,10,1980,80690,1215,4758.3,58.7,87.1,100.089999,7.5
1977,2,-45,10,1980,80988,1231.3,4716.2,59.3,87.1,100.089999,7.6
1977,3,-44,10,1980,81391,1238.3,4782.4,59.6,87.1,100.089999,7.4
1977,4,-43,10,1980,81728,1247.3,4789.7,60,87.1,98.34666933,7.2
1977,5,-42,10,1980,82088,1257.1,4790.6,60.2,90.2,98.34666933,7
1977,6,-41,10,1980,82488,1263.6,4810.5,60.5,90.2,98.34666933,7.2
1977,7,-40,10,1980,82834,1280.5,4841.6,60.8,90.2,97.38333133,6.9
1977,8,-39,10,1980,83075,1285.7,4861.2,61.1,89,97.38333133,7
1977,9,-38,10,1980,83532,1294.5,4887.8,61.3,89,97.38333133,6.8
1977,10,-37,10,1980,83800,1311.4,4923.4,61.6,89,94.08999867,6.8
1977,11,-36,10,1980,84173,1327,4962.7,62,84.4,94.08999867,6.8
1977,12,-35,10,1980,84410,1336,4983.5,62.3,84.4,94.08999867,6.4
1978,1,-34,10,1980,84594,1329.5,4962,62.7,83.7,88.5,6.4
1978,2,-33,10,1980,84948,1355.1,4991.5,63,84.3,88.5,6.3
1978,3,-32,10,1980,85460,1377.5,5033,63.4,78.8,88.5,6.3
1978,4,-31,10,1980,86162,1396.4,5050.5,63.9,81.6,96.533333,6.1
1978,5,-30,10,1980,86509,1412,5047.2,64.5,82.9,96.533333,6
1978,6,-29,10,1980,86950,1425.8,5047.5,65,80,96.533333,5.9
1978,7,-28,10,1980,87204,1426.8,5072.8,65.5,82.4,102.1700007,6.2
1978,8,-27,10,1980,87483,1447,5094.2,65.9,78.4,102.1700007,5.9
1978,9,-26,10,1980,87621,1452.9,5095.8,66.5,80.4,102.1700007,6
1978,10,-25,10,1980,87956,1466.9,5109.5,67.1,79.3,94.65333333,5.8
1978,11,-24,10,1980,88391,1480.6,5114.1,67.5,75,94.65333333,5.9
1978,12,-23,10,1980,88671,1496.5,5139.6,67.9,66.1,94.65333333,6
1979,1,-22,10,1980,88808,1502.4,5164,68.5,72.1,99.266665,5.9
1979,2,-21,10,1980,89055,1517.8,5184.7,69.2,73.9,99.266665,5.9
1979,3,-20,10,1980,89479,1531.2,5198.5,69.9,68.4,99.266665,5.8
1979,4,-19,10,1980,89417,1538.4,5156.1,70.6,66,101.2500027,5.8
1979,5,-18,10,1980,89789,1558.8,5132.2,71.4,68.1,101.2500027,5.6
1979,6,-17,10,1980,90108,1575.7,5118.9,72.2,65.8,101.2500027,5.7
1979,7,-16,10,1980,90217,1586.1,5156.2,73,60.4,107.4833327,5.7
1979,8,-15,10,1980,90300,1615.6,5163.7,73.7,64.5,107.4833327,6
1979,9,-14,10,1980,90327,1633.9,5159.3,74.4,66.7,107.4833327,5.9
1979,10,-13,10,1980,90481,1641.6,5156.6,75.2,62.1,105.3066687,6
1979,11,-12,10,1980,90573,1657.3,5171.2,76,63.3,105.3066687,5.9
1979,12,-11,10,1980,90672,1666.3,5182.2,76.9,61,105.3066687,6
1980,1,-10,10,1980,90800,1697.3,5218.8,78,67,109.9700013,6.3
1980,2,-9,10,1980,90883,1701.4,5191.3,79,66.9,109.9700013,6.3
1980,3,-8,10,1980,90994,1708.2,5159,80.1,56.5,109.9700013,6.3
1980,4,-7,10,1980,90849,1695.2,5153.4,80.9,52.7,110.589999,6.9
1980,5,-6,10,1980,90420,1700.1,5134.3,81.7,51.7,110.589999,7.5
1980,6,-5,10,1980,90101,1718.8,5145.1,82.5,58.7,110.589999,7.6
1980,7,-4,10,1980,89840,1747.1,5189.8,82.6,62.3,123.169998,7.8
1980,8,-3,10,1980,90099,1763.8,5194.8,83.2,67.3,123.169998,7.7
1980,9,-2,10,1980,90213,1780.5,5216.6,83.9,73.7,123.169998,7.5
1980,10,-1,10,1980,90490,1817.1,5257.1,84.7,75,134.5833333,7.5
1980,11,0,11,1980,90747,1826.8,5264.5,85.6,76.7,134.5833333,7.5
1980,12,-47,11,1984,90943,1851.7,5288.4,86.4,64.5,134.5833333,7.2
1981,1,-46,11,1984,91033,1870,5267.1,87.2,71.4,132.2733357,7.5
1981,2,-45,11,1984,91105,1884.2,5250.2,88,66.9,132.2733357,7.4
1981,3,-44,11,1984,91210,1902.9,5264.4,88.6,66.5,132.2733357,7.4
1981,4,-43,11,1984,91283,1904.4,5249,89.1,72.4,132.2033337,7.2
1981,5,-42,11,1984,91296,1913.8,5258.8,89.7,76.3,132.2033337,7.5
1981,6,-41,11,1984,91490,1934.5,5287.2,90.5,73.1,132.2033337,7.5
1981,7,-40,11,1984,91601,1942.1,5370.5,91.5,74.1,123.2966663,7.2
1981,8,-39,11,1984,91565,1966.6,5386.1,92.2,77.2,123.2966663,7.4
1981,9,-38,11,1984,91477,1965.5,5376.3,93.1,73.1,123.2966663,7.6
1981,10,-37,11,1984,91380,1963.9,5382.3,93.4,70.3,123.5966667,7.9
1981,11,-36,11,1984,91171,1970.6,5385,93.8,62.5,123.5966667,8.3
1981,12,-35,11,1984,90895,1988.8,5377.6,94.1,64.3,123.5966667,8.5
1982,1,-34,11,1984,90565,1997.1,5384.7,94.4,71,115.1566673,8.6
1982,2,-33,11,1984,90563,2021.2,5399.5,94.7,66.5,115.1566673,8.9
1982,3,-32,11,1984,90434,2024.1,5398.9,94.7,62,115.1566673,9
1982,4,-31,11,1984,90150,2026.3,5452.7,95,65.5,112.6433333,9.3
1982,5,-30,11,1984,90107,2044.5,5430.3,95.9,67.5,112.6433333,9.4
1982,6,-29,11,1984,89865,2048.1,5400.9,97,65.7,112.6433333,9.6
1982,7,-28,11,1984,89521,2072.2,5450.4,97.5,65.4,115.673332,9.8
1982,8,-27,11,1984,89363,2080.1,5459.3,97.7,65.4,115.673332,9.8
1982,9,-26,11,1984,89183,2104.6,5457.7,97.7,69.3,115.673332,10.1
1982,10,-25,11,1984,88907,2125.8,5452.2,98.1,73.4,137.6299997,10.4
1982,11,-24,11,1984,88786,2149.3,5474.3,98,72.1,137.6299997,10.8
1982,12,-23,11,1984,88771,2161.6,5500.9,97.7,71.9,137.6299997,10.8
1983,1,-22,11,1984,88990,2174,5520,97.9,70.4,148.773336,10.4
1983,2,-21,11,1984,88917,2177,5522.6,98,74.6,148.773336,10.4
1983,3,-20,11,1984,89090,2202.8,5549.2,98.1,80.8,148.773336,10.3
1983,4,-19,11,1984,89364,2226.4,5561.3,98.8,89.1,164.819997,10.2
1983,5,-18,11,1984,89644,2245.9,5572.5,99.2,93.3,164.819997,10.1
1983,6,-17,11,1984,90021,2276,5576.8,99.4,92.2,164.819997,10.1
1983,7,-16,11,1984,90437,2304.4,5647,99.8,92.8,164.343333,9.4
1983,8,-15,11,1984,90129,2320.4,5635.9,100.1,90.9,164.343333,9.5
1983,9,-14,11,1984,91247,2334.9,5676.2,100.4,89.9,164.343333,9.2
1983,10,-13,11,1984,91520,2357.6,5726.4,100.8,89.3,164.9599967,8.8
1983,11,-12,11,1984,91875,2366.3,5775,101.1,91.1,164.9599967,8.5
1983,12,-11,11,1984,92230,2393.6,5825.9,101.4,94.2,164.9599967,8.3
1984,1,-10,11,1984,92673,2419.4,5851.3,102.1,100.1,159.8833317,8
1984,2,-9,11,1984,93157,2403.5,5884.8,102.6,97.4,159.8833317,7.8
1984,3,-8,11,1984,93429,2431.6,5922.6,102.9,101,159.8833317,7.8
1984,4,-7,11,1984,93792,2457.5,5962.5,103.3,96.1,154.593333,7.7
1984,5,-6,11,1984,94098,2474.5,5971,103.5,98.1,154.593333,7.4
1984,6,-5,11,1984,94479,2495.6,6010.3,103.7,95.5,154.593333,7.2
1984,7,-4,11,1984,94789,2494.6,6017.6,104.1,96.6,161.1466677,7.5
1984,8,-3,11,1984,95032,2512.2,6058.5,104.4,99.1,161.1466677,7.5
1984,9,-2,11,1984,95344,2533.8,6101.7,104.7,100.9,161.1466677,7.3
1984,10,-1,11,1984,95629,2531.3,6079.2,105.1,96.3,165.6366677,7.4
1984,11,0,12,1984,95982,2571.4,6105.7,105.3,95.7,165.6366677,7.2
1984,12,-47,12,1988,96107,2582.6,6143.3,105.5,92.9,165.6366677,7.3
1985,1,-46,12,1988,96372,2618.8,6141.6,105.7,96,180.4900007,7.3
1985,2,-45,12,1988,96503,2640.8,6085.2,106.3,93.7,180.4900007,7.2
1985,3,-44,12,1988,96842,2648.5,6057.8,106.8,93.7,180.4900007,7.2
1985,4,-43,12,1988,97038,2659.5,6159.5,107,94.6,187.0766703,7.3
1985,5,-42,12,1988,97312,2696.4,6310.8,107.2,91.8,187.0766703,7.2
1985,6,-41,12,1988,97459,2689.4,6178.9,107.5,96.5,187.0766703,7.4
1985,7,-40,12,1988,97648,2715.7,6192.8,107.7,94,187.2100017,7.4
1985,8,-39,12,1988,97840,2752.1,6189,107.9,92.4,187.2100017,7.1
1985,9,-38,12,1988,98045,2794.7,6216.2,108.1,92.1,187.2100017,7.1
1985,10,-37,12,1988,98233,2755.8,6247.8,108.5,88.4,201.0900013,7.1
1985,11,-36,12,1988,98443,2771.1,6258.1,109,90.9,201.0900013,7
1985,12,-35,12,1988,98609,2811.3,6296.4,109.5,93.9,201.0900013,7
1986,1,-34,12,1988,98732,2827.1,6308.5,109.9,95.6,225.8666637,6.7
1986,2,-33,12,1988,98847,2820.2,6341.7,109.7,95.9,225.8666637,7.2
1986,3,-32,12,1988,98934,2823.6,6406.5,109.1,95.1,225.8666637,7.2
1986,4,-31,12,1988,99121,2835.2,6430.4,108.7,96.2,244.570002,7.1
1986,5,-30,12,1988,99248,2857.5,6435.8,109,94.8,244.570002,7.2
1986,6,-29,12,1988,99155,2861.7,6429.8,109.4,99.3,244.570002,7.2
1986,7,-28,12,1988,99473,2881.2,6461.8,109.5,97.7,240.1233317,7
1986,8,-27,12,1988,99588,2898.6,6469.4,109.6,94.9,240.1233317,6.9
1986,9,-26,12,1988,99934,2971.8,6472.9,110,91.9,240.1233317,7
1986,10,-25,12,1988,100121,2932.9,6466,110.2,95.6,245.1233317,7
1986,11,-24,12,1988,100308,2928.4,6466.7,110.4,91.4,245.1233317,6.9
1986,12,-23,12,1988,100509,2997.1,6473.8,110.8,89.1,245.1233317,6.6
1987,1,-22,12,1988,100678,2935.5,6494.2,111.4,90.4,283.3266703,6.6
1987,2,-21,12,1988,100919,3001.7,6525,111.8,90.2,283.3266703,6.6
1987,3,-20,12,1988,101164,3013.3,6530.5,112.2,90.8,283.3266703,6.6
1987,4,-19,12,1988,101499,3038.8,6282.3,112.7,92.8,294.1533303,6.3
1987,5,-18,12,1988,101728,3048.4,6537,113,91.1,294.1533303,6.3
1987,6,-17,12,1988,101900,3072.8,6527.6,113.5,91.5,294.1533303,6.2
1987,7,-16,12,1988,102247,3094.7,6545.8,113.8,93.7,323.429993,6.1
1987,8,-15,12,1988,102420,3130.8,6574,114.3,94.4,323.429993,6
1987,9,-14,12,1988,102647,3126.5,6575.3,114.7,93.6,323.429993,5.9
1987,10,-13,12,1988,103138,3134.5,6619.6,115,89.3,243.056666,6
1987,11,-12,12,1988,103372,3144.2,6648.1,115.4,83.1,243.056666,5.8
1987,12,-11,12,1988,103661,3174.1,6711.5,115.6,86.8,243.056666,5.7
1988,1,-10,12,1988,103753,3213.7,6730.2,116,90.8,261.2600097,5.7
1988,2,-9,12,1988,104214,3221.4,6773.5,116.2,91.6,261.2600097,5.7
1988,3,-8,12,1988,104489,3260.5,6804.3,116.5,94.6,261.2600097,5.7
1988,4,-7,12,1988,104732,3263,6830.1,117.2,91.2,265.6633303,5.4
1988,5,-6,12,1988,104962,3293.6,6841.7,117.5,94.8,265.6633303,5.6
1988,6,-5,12,1988,105326,3318.5,6868.5,118,94.7,265.6633303,5.4
1988,7,-4,12,1988,105550,3342.7,6898.2,118.5,93.4,268.4833273,5.4
1988,8,-3,12,1988,105674,3368,6918.4,119,97.4,268.4833273,5.6
1988,9,-2,12,1988,106013,3375,6932.4,119.5,97.3,268.4833273,5.4
1988,10,-1,12,1988,106276,3413.7,6969.9,119.9,94.1,276.7966713,5.4
1988,11,0,13,1988,106617,3430.2,6971.9,120.3,93,276.7966713,5.3
1988,12,-47,13,1992,106898,3459.7,7005.2,120.7,91.9,276.7966713,5.3
1989,1,-46,13,1992,107161,3483.7,7033.4,121.2,97.9,293.733327,5.4
1989,2,-45,13,1992,107427,3488,7052.7,121.6,95.4,293.733327,5.2
1989,3,-44,13,1992,107621,3498.8,7087.1,122.2,94.3,293.733327,5
1989,4,-43,13,1992,107791,3543,7050,123.1,91.5,316.0466717,5.2
1989,5,-42,13,1992,107913,3551.8,7017.2,123.7,90.7,316.0466717,5.2
1989,6,-41,13,1992,108027,3566.6,7036.7,124.1,90.6,316.0466717,5.3
1989,7,-40,13,1992,108069,3585.7,7061.3,124.5,92,348.893331,5.2
1989,8,-39,13,1992,108120,3620.6,7080,124.5,89.6,348.893331,5.2
1989,9,-38,13,1992,108369,3621.9,7101.4,124.8,95.8,348.893331,5.3
1989,10,-37,13,1992,108476,3633.6,7136.8,125.4,93.9,346.583323,5.3
1989,11,-36,13,1992,108752,3643.3,7144,125.9,90.9,346.583323,5.4
1989,12,-35,13,1992,108836,3684.2,7144.7,126.3,90.5,346.583323,5.4
1990,1,-34,13,1992,109189,3730.7,7187.4,127.5,93,333.636668,5.4
1990,2,-33,13,1992,109432,3728.2,7203.3,128,89.5,333.636668,5.3
1990,3,-32,13,1992,109637,3754.9,7206.1,128.6,91.3,333.636668,5.2
1990,4,-31,13,1992,109671,3770,7253.4,128.9,93.9,350.0166627,5.4
1990,5,-30,13,1992,109834,3775.8,7245.8,129.1,90.6,350.0166627,5.4
1990,6,-29,13,1992,109857,3804.5,7257.3,129.9,88.3,350.0166627,5.2
1990,7,-28,13,1992,109822,3821.7,7283.7,130.5,88.2,328.2533267,5.5
1990,8,-27,13,1992,109610,3848.3,7239.1,131.6,76.4,328.2533267,5.7
1990,9,-26,13,1992,109520,3870.1,7236.8,132.5,72.8,328.2533267,5.9
1990,10,-25,13,1992,109374,3870.6,7178.7,133.4,63.9,318.813334,5.9
1990,11,-24,13,1992,109220,3871.9,7181.9,133.7,66,318.813334,6.2
1990,12,-23,13,1992,109168,3861.3,7224.7,134.2,65.5,318.813334,6.3
1991,1,-22,13,1992,109051,3841,7205.7,134.7,66.8,362.0733337,6.4
1991,2,-21,13,1992,108731,3866.7,7216.8,134.8,70.4,362.0733337,6.6
1991,3,-20,13,1992,108569,3913,7229.1,134.8,87.7,362.0733337,6.8
1991,4,-19,13,1992,108352,3907.1,7258,135.1,81.8,378.7766623,6.7
1991,5,-18,13,1992,108250,3933.2,7259.5,135.6,78.3,378.7766623,6.9
1991,6,-17,13,1992,108338,3940.5,7296.7,136,82.1,378.7766623,6.9
1991,7,-16,13,1992,108290,3966,7282,136.2,82.9,390.3666587,6.8
1991,8,-15,13,1992,108302,3969.1,7298.3,136.6,82,390.3666587,6.9
1991,9,-14,13,1992,108333,3984.7,7317.7,137,83,390.3666587,6.9
1991,10,-13,13,1992,108362,3976,7328,137.2,78.3,394.920003,7
1991,11,-12,13,1992,108300,4003.6,7338.4,137.8,69.1,394.920003,7
1991,12,-11,13,1992,108330,4020.5,7403.6,138.2,68.2,394.920003,7.3
1992,1,-10,13,1992,108367,4084.7,7474.8,138.3,67.5,408.3900043,7.3
1992,2,-9,13,1992,108312,4099.5,7507.2,138.6,68.8,408.3900043,7.4
1992,3,-8,13,1992,108361,4117,7513.8,139.1,76,408.3900043,7.4
1992,4,-7,13,1992,108515,4131.5,7535,139.4,77.2,412.8133443,7.4
1992,5,-6,13,1992,108648,4158.4,7570.2,139.7,79.2,412.8133443,7.6
1992,6,-5,13,1992,108717,4177.1,7601.6,140.1,80.4,412.8133443,7.8
1992,7,-4,13,1992,108799,4204.8,7595.9,140.5,76.6,418.6799927,7.7
1992,8,-3,13,1992,108923,4220.9,7622.6,140.8,76.1,418.6799927,7.6
1992,9,-2,13,1992,108954,4255.3,7586.9,141.1,75.6,418.6799927,7.6
1992,10,-1,13,1992,109135,4284.7,7537.9,141.7,73.3,428.5799967,7.3
1992,11,0,14,1992,109280,4300.5,7549.3,142.1,85.3,428.5799967,7.4
1992,12,-47,14,1996,109500,4336.4,7818.6,142.3,91,428.5799967,7.4
1993,1,-46,14,1996,109795,4340.7,7648.1,142.8,89.3,444.6100057,7.3
1993,2,-45,14,1996,110044,4355.3,7684.5,143.1,86.6,444.6100057,7.1
1993,3,-44,14,1996,109992,4352.5,7660.8,143.3,85.9,444.6100057,7
1993,4,-43,14,1996,110295,4393.4,7700.6,143.8,85.6,446.970001,7.1
1993,5,-42,14,1996,110570,4422.4,7689.4,144.2,80.3,446.970001,7.1
1993,6,-41,14,1996,110751,4440,7675.1,144.3,81.5,446.970001,7
1993,7,-40,14,1996,111060,4468.9,7694.3,144.5,77,456.873332,6.9
1993,8,-39,14,1996,111209,4481.1,7705.4,144.8,77.3,456.873332,6.8
1993,9,-38,14,1996,111454,4511.5,7684.4,145,77.9,456.873332,6.7
1993,10,-37,14,1996,111734,4532.8,7646.9,145.6,82.7,465.3566693,6.8
1993,11,-36,14,1996,111990,4554.1,7668.1,146,81.2,465.3566693,6.6
1993,12,-35,14,1996,112324,4571.1,7929.4,146.3,88.2,465.3566693,6.5
1994,1,-34,14,1996,112598,4585.1,7780.4,146.3,94.3,464.8399963,6.6
1994,2,-33,14,1996,112779,4632.6,7795,146.7,93.2,464.8399963,6.6
1994,3,-32,14,1996,113240,4646,7820.5,147.1,91.5,464.8399963,6.5
1994,4,-31,14,1996,113587,4671.1,7820.4,147.2,92.6,450.5599977,6.4
1994,5,-30,14,1996,113923,4669.5,7910.6,147.5,92.8,450.5599977,6.1
1994,6,-29,14,1996,114237,4708.9,7898.1,147.9,91.2,450.5599977,6.1
1994,7,-28,14,1996,114607,4720.6,7905,148.4,89,465.4866637,6.1
1994,8,-27,14,1996,114899,4762.6,7914.4,149,91.7,465.4866637,6
1994,9,-26,14,1996,115253,4775,7949,149.3,91.5,465.4866637,5.9
1994,10,-25,14,1996,115458,4812.9,8024.4,149.4,92.7,461.769999,5.8
1994,11,-24,14,1996,115873,4825.6,8023.9,149.8,91.6,461.769999,5.6
1994,12,-23,14,1996,116176,4841.6,8060.2,150.1,95.1,461.769999,5.5
1995,1,-22,14,1996,116504,4851.2,8086,150.5,97.6,486.1733397,5.6
1995,2,-21,14,1996,116693,4850.8,8102,150.9,95.1,486.1733397,5.4
1995,3,-20,14,1996,116907,4885.4,8124.2,151.2,90.3,486.1733397,5.4
1995,4,-19,14,1996,117065,4890.2,8064,151.8,92.5,530.9533487,5.8
1995,5,-18,14,1996,117050,4933.1,8145.6,152.1,89.8,530.9533487,5.6
1995,6,-17,14,1996,117286,4977.5,8169.8,152.4,92.7,530.9533487,5.6
1995,7,-16,14,1996,117377,4970.2,8187.8,152.6,94.4,569.449992,5.7
1995,8,-15,14,1996,117639,5005.3,8193,152.9,96.2,569.449992,5.7
1995,9,-14,14,1996,117880,5020.5,8219.4,153.1,88.9,569.449992,5.6
1995,10,-13,14,1996,118029,5013.9,8228.4,153.5,90.2,600.9333293,5.5
1995,11,-12,14,1996,118168,5055.6,8250.5,153.7,88.2,600.9333293,5.6
1995,12,-11,14,1996,118325,5097.5,8261.3,153.9,91,600.9333293,5.6
1996,1,-10,14,1996,118318,5085.7,8272.1,154.7,89.3,640.6500043,5.6
1996,2,-9,14,1996,118734,5132.8,8335.8,155,88.5,640.6500043,5.5
1996,3,-8,14,1996,118990,5173.3,8362.4,155.5,93.7,640.6500043,5.5
1996,4,-7,14,1996,119156,5208,8311.8,156.1,92.7,664.6399943,5.6
1996,5,-6,14,1996,119489,5223.8,8416.8,156.4,89.4,664.6399943,5.6
1996,6,-5,14,1996,119770,5229.8,8467.1,156.7,92.4,664.6399943,5.3
1996,7,-4,14,1996,120016,5251.9,8444,157,94.7,659.756673,5.5
1996,8,-3,14,1996,120201,5275,8464.7,157.2,95.3,659.756673,5.1
1996,9,-2,14,1996,120402,5296.6,8483.9,157.7,94.7,659.756673,5.2
1996,10,-1,14,1996,120663,5328.5,8482.7,158.2,96.5,734.3433433,5.2
1996,11,0,15,1996,120949,5351.2,8505.1,158.7,99.2,734.3433433,5.4
1996,12,-47,15,2000,121145,5378.6,8533.1,159.1,96.9,734.3433433,5.4
1997,1,-46,15,2000,121363,5411.1,8556.4,159.4,97.4,778.033325,5.3
1997,2,-45,15,2000,121675,5434,8579.2,159.7,99.7,778.033325,5.2
1997,3,-44,15,2000,121989,5454.2,8619,159.8,100,778.033325,5.2
1997,4,-43,15,2000,122284,5459.3,8624.5,159.9,101.4,844.9200237,5.1
1997,5,-42,15,2000,122551,5460.2,8661.9,159.9,103.2,844.9200237,4.9
1997,6,-41,15,2000,122816,5494.2,8689.7,160.2,104.5,844.9200237,5
1997,7,-40,15,2000,123112,5548.8,8723.1,160.4,107.1,933.686666,4.9
1997,8,-39,15,2000,123092,5587,8768.6,160.8,104.4,933.686666,4.8
1997,9,-38,15,2000,123577,5601.7,8791.5,161.2,106,933.686666,4.9
1997,10,-37,15,2000,123923,5637.7,8834.8,161.5,105.6,946.8166707,4.7
1997,11,-36,15,2000,124230,5661.1,8892.2,161.7,107.2,946.8166707,4.6
1997,12,-35,15,2000,124551,5692.1,8944.3,161.8,102.1,946.8166707,4.7
1998,1,-34,15,2000,124813,5689.9,9022.9,162,106.6,1043.789998,4.6
1998,2,-33,15,2000,125018,5723.8,9081.2,162,110.4,1043.789998,4.6
1998,3,-32,15,2000,125164,5750.3,9134.4,162,106.5,1043.789998,4.7
1998,4,-31,15,2000,125445,5788.1,9164.1,162.2,108.7,1112.136637,4.3
1998,5,-30,15,2000,125846,5837.9,9202,162.6,106.5,1112.136637,4.4
1998,6,-29,15,2000,126077,5871.7,9254.2,162.8,105.6,1112.136637,4.5
1998,7,-28,15,2000,126209,5890,9270,163.2,105.2,1031.653361,4.5
1998,8,-27,15,2000,126547,5925,9299.3,163.4,104.4,1031.653361,4.5
1998,9,-26,15,2000,126745,5965.6,9325.5,163.5,100.9,1031.653361,4.6
1998,10,-25,15,2000,126950,5998.8,9337.5,163.9,97.4,1163.843343,4.5
1998,11,-24,15,2000,127225,6015.4,9374.6,164.1,102.7,1163.843343,4.4
1998,12,-23,15,2000,127598,6070.5,9391.7,164.4,100.5,1163.843343,4.4
1999,1,-22,15,2000,127704,6073.9,9444.1,164.7,103.9,1268.113322,4.3
1999,2,-21,15,2000,128118,6099.2,9476.2,164.7,108.1,1268.113322,4.4
1999,3,-20,15,2000,128233,6133,9484.1,164.8,105.7,1268.113322,4.2
1999,4,-19,15,2000,128595,6199.5,9453,165.9,104.6,1336.57666,4.3
1999,5,-18,15,2000,128810,6232.1,9469.3,166,106.8,1336.57666,4.2
1999,6,-17,15,2000,129088,6260.3,9501.3,166,107.3,1336.57666,4.3
1999,7,-16,15,2000,129423,6287.6,9519,166.7,106,1310.613322,4.3
1999,8,-15,15,2000,129569,6331.9,9559.1,167.1,104.5,1310.613322,4.2
1999,9,-14,15,2000,129781,6386.5,9546.7,167.8,107.2,1310.613322,4.2
1999,10,-13,15,2000,130179,6411.4,9598.7,168.1,103.2,1407.030029,4.1
1999,11,-12,15,2000,130467,6448.7,9660.9,168.4,107.2,1407.030029,4.1
1999,12,-11,15,2000,130781,6541,9735.9,168.8,105.4,1407.030029,4
2000,1,-10,15,2000,131009,6542.9,9799.9,169.3,112,1419.819987,4
2000,2,-9,15,2000,131120,6625.3,9837.9,170,111.3,1419.819987,4.1
2000,3,-8,15,2000,131604,6686.5,9864,171,107.1,1419.819987,4
2000,4,-7,15,2000,131883,6679.1,9913.7,170.9,109.2,1442.543335,3.8
2000,5,-6,15,2000,132106,6709.7,9954.5,171.2,110.7,1442.543335,4
2000,6,-5,15,2000,132060,6746.9,9982.3,172.2,106.4,1442.543335,4
2000,7,-4,15,2000,132228,6768.5,10035.9,172.7,108.3,1461.67334,4
2000,8,-3,15,2000,132231,6802.8,10098.3,172.7,107.3,1461.67334,4.1
2000,9,-2,15,2000,132357,6888.6,10110.3,173.6,106.8,1461.67334,3.9
2000,10,-1,15,2000,132352,6893.8,10139.2,173.9,105.8,1354.876668,3.9
2000,11,0,16,2000,132553,6909.8,10143.5,174.2,107.6,1354.876668,3.9
2000,12,-47,16,2004,132718,6952.2,10164.3,174.6,98.4,1354.876668,3.9
2001,1,-46,16,2004,132699,6987.4,10211.7,175.6,94.7,1255.426636,4.2
2001,2,-45,16,2004,132786,7001.8,10223.4,176,90.6,1255.426636,4.2
2001,3,-44,16,2004,132751,6996.7,10254.4,176.1,91.5,1255.426636,4.3
2001,4,-43,16,2004,132455,7004.2,10233.1,176.4,88.4,1243.219971,4.4
2001,5,-42,16,2004,132411,7052.8,10214.7,177.3,92,1243.219971,4.3
2001,6,-41,16,2004,132296,7069.7,10218.1,177.7,92.6,1243.219971,4.5
2001,7,-40,16,2004,132173,7082.3,10370.7,177.4,92.4,1128.583292,4.6
2001,8,-39,16,2004,132024,7121.7,10543.1,177.4,91.5,1128.583292,4.9
2001,9,-38,16,2004,131765,7007,10452.8,178.1,81.8,1128.583292,5
2001,10,-37,16,2004,131452,7212.9,10267.7,177.6,82.7,1115.769979,5.3
2001,11,-36,16,2004,131141,7182.3,10279.7,177.5,83.9,1115.769979,5.5
2001,12,-35,16,2004,130984,7166.7,10298.9,177.4,88.8,1115.769979,5.7
2002,1,-34,16,2004,130853,7184.6,10514.7,177.7,93,1128.106649,5.7
2002,2,-33,16,2004,130732,7225.2,10531.6,178,90.7,1128.106649,5.7
2002,3,-32,16,2004,130720,7243.4,10539,178.5,95.7,1128.106649,5.7
2002,4,-31,16,2004,130616,7312.5,10574.2,179.3,93,1044.626689,5.9
2002,5,-30,16,2004,130632,7288.9,10616.5,179.5,96.9,1044.626689,5.8
2002,6,-29,16,2004,130682,7322.5,10648.2,179.6,92.4,1044.626689,5.8
2002,7,-28,16,2004,130585,7387.3,10621,180,88.1,880.9900103,5.8
2002,8,-27,16,2004,130587,7412.6,10623,180.5,87.6,880.9900103,5.7
2002,9,-26,16,2004,130498,7391.5,10633.6,180.8,86.1,880.9900103,5.7
2002,10,-25,16,2004,130621,7435.2,10661.8,181.2,80.6,900.630005,5.7
2002,11,-24,16,2004,130617,7463.8,10690.9,181.5,84.2,900.630005,5.9
2002,12,-23,16,2004,130469,7519.9,10719.9,181.8,86.7,900.630005,6
2003,1,-22,16,2004,130580,7541.3,10710.4,182.6,82.4,848.343343,5.8
2003,2,-21,16,2004,130443,7548.6,10674,183.6,79.9,848.343343,5.9
2003,3,-20,16,2004,130232,7611.5,10696.5,183.9,77.6,848.343343,5.9
2003,4,-19,16,2004,130176,7634.5,10752.7,183.2,86,951.6700033,6
2003,5,-18,16,2004,130196,7650.3,10832,182.9,92.1,951.6700033,6.1
2003,6,-17,16,2004,130192,7699.6,10860.6,183.1,89.7,951.6700033,6.3
2003,7,-16,16,2004,130184,7757,10991.1,183.7,90.9,998.0966597,6.2
2003,8,-15,16,2004,130153,7852.1,11066.7,184.5,89.3,998.0966597,6.1
2003,9,-14,16,2004,130252,7853.7,10940.8,185.1,87.7,998.0966597,6.1
2003,10,-13,16,2004,130439,7867.4,10982.3,184.9,89.6,1073.609985,6
2003,11,-12,16,2004,130482,7922.6,11048.4,185,93.7,1073.609985,5.8
2003,12,-11,16,2004,130594,7950.4,11057.2,185.5,92.6,1073.609985,5.7
2004,1,-10,16,2004,130766,8007.1,11051.2,186.3,103.8,1134.093302,5.7
2004,2,-9,16,2004,130822,8040.4,11071,186.7,94.4,1134.093302,5.6
2004,3,-8,16,2004,131139,8098.8,11115.6,187.1,95.8,1134.093302,5.8
2004,4,-7,16,2004,131409,8107.2,11153.3,187.4,94.2,1122.940023,5.6
2004,5,-6,16,2004,131693,8176.5,11208.9,188.2,90.2,1122.940023,5.6
2004,6,-5,16,2004,131789,8157.6,11215.8,188.9,95.6,1122.940023,5.6
2004,7,-4,16,2004,131850,8236.9,11240.5,189.1,96.7,1106.846639,5.5
2004,8,-3,16,2004,131936,8271.6,11274.6,189.2,95.9,1106.846639,5.4
2004,9,-2,16,2004,132083,8341.5,11279.6,189.8,94.2,1106.846639,5.4
2004,10,-1,16,2004,132435,8397.1,11282.5,190.8,91.7,1171.97998,5.5
2004,11,0,17,2004,132509,8444.5,11246.1,191.7,92.8,1171.97998,5.4
2004,12,-47,17,2008,132633,8504.4,11659,191.7,97.1,1171.97998,5.4
2005,1,-46,17,2008,132779,8497.7,11226.5,191.6,95.5,1188.486654,5.3
2005,2,-45,17,2008,133033,8559.1,11229,192.4,94.1,1188.486654,5.4
2005,3,-44,17,2008,133154,8598.4,11268.8,193.1,92.6,1188.486654,5.2
2005,4,-43,17,2008,133515,8678.4,11304.2,193.7,87.7,1179.893311,5.2
2005,5,-42,17,2008,133687,8671.6,11352.7,193.6,86.9,1179.893311,5.1
2005,6,-41,17,2008,133939,8753.4,11375.5,193.7,96,1179.893311,5
2005,7,-40,17,2008,134297,8853.8,11387.1,194.9,96.5,1227.773356,5
2005,8,-39,17,2008,134495,8850.1,11405.3,196.1,89.1,1227.773356,4.9
2005,9,-38,17,2008,134552,8900.4,11365.2,198.8,76.9,1227.773356,5
2005,10,-37,17,2008,134646,8938.5,11428.7,199.1,74.2,1234.926676,5
2005,11,-36,17,2008,135001,8946.2,11500.1,198.1,81.6,1234.926676,5
2005,12,-35,17,2008,135160,8981.1,11535.2,198.1,91.5,1234.926676,4.9
2006,1,-34,17,2008,135425,9071.6,11651.8,199.3,91.2,1285.203328,4.7
2006,2,-33,17,2008,135732,9096,11702.8,199.4,86.7,1285.203328,4.8
2006,3,-32,17,2008,136041,9132.9,11747.5,199.7,88.9,1285.203328,4.7
2006,4,-31,17,2008,136210,9191.6,11744.4,200.7,87.4,1283.633301,4.7
2006,5,-30,17,2008,136247,9231.8,11736.8,201.3,79.1,1283.633301,4.6
2006,6,-29,17,2008,136328,9259.6,11751.9,201.8,84.9,1283.633301,4.6
2006,7,-28,17,2008,136522,9343.8,11746.9,202.9,84.7,1305.443319,4.7
2006,8,-27,17,2008,136688,9342.2,11737,203.8,82,1305.443319,4.7
2006,9,-26,17,2008,136825,9375.4,11800.1,202.8,85.4,1305.443319,4.5
2006,10,-25,17,2008,136849,9393.6,11853.7,201.9,93.6,1398.956665,4.4
2006,11,-24,17,2008,137068,9400.2,11901.9,202,92.1,1398.956665,4.5
2006,12,-23,17,2008,137251,9488.3,11958.6,203.1,91.7,1398.956665,4.4
2007,1,-22,17,2008,137475,9538.7,11956.6,203.437,96.9,1421.973307,4.6
2007,2,-21,17,2008,137556,9566,11996,204.226,91.3,1421.973307,4.5
2007,3,-20,17,2008,137782,9611.7,12035.1,205.288,88.4,1421.973307,4.4
2007,4,-19,17,2008,137842,9643.6,12052.8,205.904,87.1,1505.446655,4.5
2007,5,-18,17,2008,137993,9685.8,12059.9,206.755,88.3,1505.446655,4.4
2007,6,-17,17,2008,138072,9706.8,12053.3,207.234,85.3,1505.446655,4.6
2007,7,-16,17,2008,138042,9751.1,12066.4,207.603,90.4,1485.33667,4.7
2007,8,-15,17,2008,138017,9798.9,12070.9,207.667,83.4,1485.33667,4.6
2007,9,-14,17,2008,138103,9845.1,12089.6,208.547,83.4,1485.33667,4.7
2007,10,-13,17,2008,138175,9882.7,12080.4,209.19,80.9,1499.626668,4.7
2007,11,-12,17,2008,138291,9955.9,12070.1,210.834,76.1,1499.626668,4.7
2007,12,-11,17,2008,138396,9972.8,12120.5,211.445,75.5,1499.626668,5
2008,1,-10,17,2008,138397,9996.4,12137.1,212.174,78.4,1343.960002,5
2008,2,-9,17,2008,138326,9981.7,12141.8,212.687,70.8,1343.960002,4.9
2008,3,-8,17,2008,138256,10035.3,12145.9,213.448,69.5,1343.960002,5.1
2008,4,-7,17,2008,138037,10070.3,12100.8,213.942,62.6,1355.323324,5
2008,5,-6,17,2008,137847,10132.3,12696.2,215.208,59.8,1355.323324,5.4
2008,6,-5,17,2008,137689,10187.1,12376.6,217.463,56.4,1355.323324,5.6
2008,7,-4,17,2008,137492,10185.1,12188.7,219.016,61.2,1238.856649,5.8
2008,8,-3,17,2008,137209,10175.7,12120.6,218.69,63,1238.856649,6.1
2008,9,-2,17,2008,136759,10116.4,12149,218.877,70.3,1238.856649,6.1
2008,10,-1,17,2008,136294,10034.1,12240.5,216.995,57.6,922.7466633,6.5
2008,11,0,18,2008,135546,9885.2,12345.9,213.153,55.3,922.7466633,6.8
2008,12,-47,18,2012,134848,9801.5,12288.8,211.398,60.1,922.7466633,7.3
2009,1,-46,18,2012,134066,9847.2,12361.5,211.933,61.2,786.280009,7.8
2009,2,-45,18,2012,133314,9824.5,12241.9,212.705,56.3,786.280009,8.3
2009,3,-44,18,2012,132494,9773.2,12242.7,212.495,57.3,786.280009,8.7
2009,4,-43,18,2012,131825,9772.5,12320,212.709,65.1,903.7566733,9
2009,5,-42,18,2012,131470,9791.6,12500.1,213.022,68.7,903.7566733,9.4
2009,6,-41,18,2012,131003,9852.4,12273.2,214.79,70.8,903.7566733,9.5
2009,7,-40,18,2012,130661,9886.3,12218.7,214.726,66,1021.726644,9.5
2009,8,-39,18,2012,130480,10004.1,12194.8,215.445,65.7,1021.726644,9.6
2009,9,-38,18,2012,130241,9927.8,12230.6,215.861,73.5,1021.726644,9.8
2009,10,-37,18,2012,130061,9976.7,12193.2,216.509,70.6,1082.306641,10
2009,11,-36,18,2012,130059,9985.7,12224.4,217.234,67.4,1082.306641,9.9
2009,12,-35,18,2012,129807,10052.6,12280.2,217.347,72.5,1082.306641,9.9
2010,1,-34,18,2012,129795,10056.1,12285.8,217.488,74.4,1115.930013,9.8
2010,2,-33,18,2012,129702,10093.4,12292,217.281,73.6,1115.930013,9.8
2010,3,-32,18,2012,129865,10156,12340.3,217.353,73.6,1115.930013,9.9
2010,4,-31,18,2012,130115,10182.3,12447.1,217.403,72.2,1102.269979,9.9
2010,5,-30,18,2012,130645,10210.8,12540.3,217.29,73.6,1102.269979,9.6
2010,6,-29,18,2012,130501,10231.3,12544.3,217.199,76,1102.269979,9.4
2010,7,-28,18,2012,130420,10268.1,12554.2,217.605,67.8,1097.376628,9.4
2010,8,-27,18,2012,130423,10307.1,12591.4,217.923,68.9,1097.376628,9.5
2010,9,-26,18,2012,130340,10327.1,12589.9,218.275,68.2,1097.376628,9.5
2010,10,-25,18,2012,130620,10386.4,12592.5,219.035,67.7,1207.150025,9.4
2010,11,-24,18,2012,130754,10433.6,12605.1,219.59,71.6,1207.150025,9.8
2010,12,-23,18,2012,130836,10471,12680.6,220.472,74.5,1207.150025,9.3
2011,1,-22,18,2012,130839,10514.3,12740.1,221.187,74.2,1313.056641,9.1
2011,2,-21,18,2012,131054,10540.6,12776.6,221.898,77.5,1313.056641,9
2011,3,-20,18,2012,131278,10619.7,12742.7,223.046,67.5,1313.056641,9
2011,4,-19,18,2012,131604,10652.1,12721.3,224.093,69.8,1343.149984,9.1
2011,5,-18,18,2012,131704,10672.2,12705.3,224.806,74.3,1343.149984,9
2011,6,-17,18,2012,131936,10694.8,12756.9,224.806,71.5,1343.149984,9.1
2011,7,-16,18,2012,131992,10731.6,12805.6,225.395,63.7,1214.196696,9
2011,8,-15,18,2012,132123,10750.3,12799.7,226.106,55.8,1214.196696,9
2011,9,-14,18,2012,132346,10783.2,12781.7,226.597,59.5,1214.196696,9
2011,10,-13,18,2012,132557,10802.9,12791.9,226.75,60.8,1252.619995,8.8
2011,11,-12,18,2012,132701,10806.8,12782.7,227.169,63.7,1252.619995,8.6
2011,12,-11,18,2012,132902,10817.8,12898.5,227.223,69.9,1252.619995,8.5
2012,1,-10,18,2012,133243,10896.8,12967.5,227.842,75,1362.186686,8.3
2012,2,-9,18,2012,133521,10987.2,13029.6,228.329,75.3,1362.186686,8.3
2012,3,-8,18,2012,133745,10993.9,13066.4,228.807,76.2,1362.186686,8.2
2012,4,-7,18,2012,133828,11018.5,13116.5,229.187,76.4,1356.800008,8.2
2012,5,-6,18,2012,133935,11006.8,13112.5,228.713,79.3,1356.800008,8.2
2012,6,-5,18,2012,134008,10989.8,13097.2,228.524,73.2,1356.800008,8.2
2012,7,-4,18,2012,134153,11016.8,12999.8,228.59,72.3,1408.856649,8.2
2012,8,-3,18,2012,134329,11056,12961.6,229.918,74.3,1408.856649,8.1
2012,9,-2,18,2012,134512,11105.3,13053.1,231.015,78.3,1408.856649,7.8
2012,10,-1,18,2012,134672,11137.4,13142,231.638,82.6,1418.176676,7.8
2012,11,0,19,2012,134831,11178.4,13315.7,231.249,82.7,1418.176676,7.7
2012,12,-47,19,2016,135074,11181.2,13642.7,231.221,72.9,1418.176676,7.9
2013,1,-46,19,2016,135263,11252.4,12845.5,231.679,73.8,1527.32666,8
2013,2,-45,19,2016,135548,11290.5,12813.9,232.937,77.6,1527.32666,7.7
2013,3,-44,19,2016,135690,11290.1,12852.1,232.282,78.6,1527.32666,7.5
2013,4,-43,19,2016,135876,11281.1,12893.4,231.797,76.4,1611.529988,7.6
2013,5,-42,19,2016,136090,11321.6,12954.2,231.893,84.5,1611.529988,7.5
2013,6,-41,19,2016,136269,11344.4,12955.7,232.445,84.1,1611.529988,7.5
2013,7,-40,19,2016,136391,11372.6,12941.8,232.9,85.1,1666.75,7.3
2013,8,-39,19,2016,136634,11406.6,12969.6,233.456,82.1,1666.75,7.2
2013,9,-38,19,2016,136819,11445.9,13027.5,233.544,77.5,1666.75,7.2
2013,10,-37,19,2016,137039,11498,12974.6,233.669,73.2,1803.570028,7.2
2013,11,-36,19,2016,137312,11562.5,12998.9,234.1,75.1,1803.570028,6.9
2013,12,-35,19,2016,137367,11593.2,13019.1,234.719,82.5,1803.570028,6.7
2014,1,-34,19,2016,137551,11578.8,13079.5,235.288,81.2,1838.126628,6.6
2014,2,-33,19,2016,137710,11636.9,13148,235.547,81.6,1838.126628,6.7
2014,3,-32,19,2016,137987,11722.3,13219.9,236.028,80,1838.126628,6.7
2014,4,-31,19,2016,138298,11762.3,13270.2,236.468,84.1,1922.583292,6.2
2014,5,-30,19,2016,138500,11807.3,13312.9,236.918,81.9,1922.583292,6.3
2014,6,-29,19,2016,138833,11861.7,13360.4,237.231,82.5,1922.583292,6.1
2014,7,-28,19,2016,139076,11904.4,13386.8,237.498,81.8,1968.776693,6.2
2014,8,-27,19,2016,139257,11983.7,13445.9,237.46,82.5,1968.776693,6.1
2014,9,-26,19,2016,139564,11991.4,13486.3,237.477,84.6,1968.776693,5.9
2014,10,-25,19,2016,139804,12064.7,13550.7,237.43,86.9,2048.170003,5.7
2014,11,-24,19,2016,140088,12083.9,13624.4,236.983,88.8,2048.170003,5.8
2014,12,-23,19,2016,140366,12096.1,13719.1,236.252,93.6,2048.170003,5.6
2015,1,-22,19,2016,140562,12066.7,13797.7,234.747,98.1,2055.793294,5.7
2015,2,-21,19,2016,140831,12116.6,13848,235.342,95.4,2055.793294,5.5
2015,3,-20,19,2016,140925,12176.1,13811.3,235.976,93,2055.793294,5.4
2015,4,-19,19,2016,141202,12209.1,13842,236.222,95.9,2085.33667,5.4
2015,5,-18,19,2016,141539,12275.4,13865.6,237.001,90.7,2085.33667,5.6
2015,6,-17,19,2016,141695,12307.9,13874.1,237.657,96.1,2085.33667,5.3
2015,7,-16,19,2016,141989,12364.9,13905.7,238.034,93.1,1998.68339,5.2
2015,8,-15,19,2016,142130,12396.2,13935.8,238.033,91.9,1998.68339,5.1
2015,9,-14,19,2016,142265,12386.4,13972.2,237.498,87.2,1998.68339,5
2015,10,-13,19,2016,142584,12394.9,13996.9,237.733,90,2067.90332,5
2015,11,-12,19,2016,142810,12423.2,13993.4,238.017,91.3,2067.90332,5.1
2015,12,-11,19,2016,143083,12452,14060.2,237.761,92.6,2067.90332,5
2016,1,-10,19,2016,143196,12478,14121.1,237.652,92,1977.40332,4.8
2016,2,-9,19,2016,143411,12554.5,14135.3,237.336,91.7,1977.40332,4.9
2016,3,-8,19,2016,143666,12537,14135.4,238.08,91,1977.40332,5
2016,4,-7,19,2016,143856,12611.5,14106.2,238.992,89,2087.036702,5.1
2016,5,-6,19,2016,143901,12652.7,14095.5,239.557,94.7,2087.036702,4.8
2016,6,-5,19,2016,144152,12731.2,14104.9,240.222,93.5,2087.036702,4.9
2016,7,-4,19,2016,144515,12756.7,14160.1,240.101,90,2170.940023,4.8
2016,8,-3,19,2016,144664,12788.1,14176.7,240.545,89.8,2170.940023,4.9
2016,9,-2,19,2016,144961,12846.6,14209.1,241.176,91.2,2170.940023,5
2016,10,-1,19,2016,145069,12867,14235.4,241.741,87.2,2187.930013,4.9
2016,11,0,20,2016,145188,12893,14273.6,242.026,93.8,2187.930013,4.7
2016,12,-47,20,2020,145410,13005.9,14313.7,242.637,98.2,2187.930013,4.7
2017,1,-46,20,2020,145636,13063.7,14373.7,243.618,98.5,2335.07666,4.7
2017,2,-45,20,2020,145848,13088.4,14416.8,244.006,96.3,2335.07666,4.6
2017,3,-44,20,2020,145976,13139.9,14476.3,243.892,96.9,2335.07666,4.4
2017,4,-43,20,2020,146173,13169.2,14509.3,244.193,97,2406.469971,4.4
2017,5,-42,20,2020,146389,13171.9,14610.7,244.004,97.1,2406.469971,4.4
2017,6,-41,20,2020,146588,13225.2,14618.7,244.163,95,2406.469971,4.3
2017,7,-40,20,2020,146772,13263.3,14660.2,244.243,93.4,2487.103353,4.3
2017,8,-39,20,2020,146907,13294.6,14678.3,245.183,96.8,2487.103353,4.4
2017,9,-38,20,2020,146999,13417.3,14706,246.435,95.1,2487.103353,4.3
2017,10,-37,20,2020,147146,13447.5,14748.6,246.626,100.7,2611.236735,4.2
2017,11,-36,20,2020,147375,13540.6,14771.1,247.284,98.5,2611.236735,4.2
2017,12,-35,20,2020,147521,13666.1,14797.9,247.805,95.9,2611.236735,4.1
2018,1,-34,20,2020,147667,13703.3,14886.6,248.859,95.7,2726.170085,4
2018,2,-33,20,2020,148054,13738.7,14921.1,249.529,99.7,2726.170085,4.1
2018,3,-32,20,2020,148280,13793.2,14974.8,249.577,101.4,2726.170085,4
2018,4,-31,20,2020,148426,13838.4,15007.2,250.227,98.8,2690.563395,4
2018,5,-30,20,2020,148755,13905,15057.8,250.792,98,2690.563395,3.8
2018,6,-29,20,2020,148968,13930.4,15119.3,251.018,98.2,2690.563395,4
2018,7,-28,20,2020,149023,13974.8,15184.7,251.214,97.9,2877.263346,3.8
2018,8,-27,20,2020,149274,14014,15238.6,251.663,96.2,2877.263346,3.8
2018,9,-26,20,2020,149361,14017.8,15237.5,252.182,100.1,2877.263346,3.7
2018,10,-25,20,2020,149525,14083.1,15274.1,252.772,98.6,2659.58667,3.8
2018,11,-24,20,2020,149622,14162.9,15315.2,252.594,97.5,2659.58667,3.8
2018,12,-23,20,2020,149804,14051.6,15506.5,252.767,98.3,2659.58667,3.9
2019,1,-22,20,2020,150062,14088.4,15501.7,252.561,91.2,2774.329997,4
2019,2,-21,20,2020,150067,14115.5,15553.7,253.319,93.8,2774.329997,3.8
2019,3,-20,20,2020,150294,14240.1,15568.9,254.277,98.4,2774.329997,3.8
2019,4,-19,20,2020,150602,14278.3,15524.4,255.233,97.2,2879.883382,3.7
2019,5,-18,20,2020,150640,14340.8,15519.6,255.296,100,2879.883382,3.6
2019,6,-17,20,2020,150844,14391.2,15546.4,255.213,98.2,2879.883382,3.6
2019,7,-16,20,2020,150934,14471.8,15565.7,255.802,98.4,2961.193278,3.7
2019,8,-15,20,2020,151155,14525.7,15654.1,256.036,89.8,2961.193278,3.6
2019,9,-14,20,2020,151358,14555.6,15691.3,256.43,93.2,2961.193278,3.5
2019,10,-13,20,2020,151458,14584,15718.1,257.155,95.5,3136.440023,3.6
2019,11,-12,20,2020,151666,14678.6,15778.2,257.879,96.8,3136.440023,3.6
2019,12,-11,20,2020,151792,14741.3,15684.8,258.63,99.3,3136.440023,3.6
2020,1,-10,20,2020,152045,14815.7,15852.5,258.906,99.8,2921.44336,3.6
2020,2,-9,20,2020,152309,14810.7,15918,259.246,101,2921.44336,3.5
2020,3,-8,20,2020,150898,13793,15696.3,258.15,89.1,2921.44336,4.4
2020,4,-7,20,2020,130421,12228.3,18020.2,256.126,71.8,3019.01001,14.8
2020,5,-6,20,2020,133040,13251.4,17104.6,255.848,72.3,3019.01001,13.2
2020,6,-5,20,2020,137655,14027.1,17035,257.004,78.1,3019.01001,11
2020,7,-4,20,2020,139240,14285.1,17193.2,258.408,72.5,3341.300049,10.2
2020,8,-3,20,2020,140774,14428.4,16525.8,259.366,74.1,3341.300049,8.4
2020,9,-2,20,2020,141820,14655,16607.9,259.951,80.4,3341.300049,7.8
2020,10,-1,20,2020,142493,14702.5,16561.9,260.249,81.8,3549.219971,6.8
2020,11,0,21,2020,142761,14675.8,16368.1,260.895,76.9,3549.219971,6.7
2020,12,-47,21,2024,142518,14801.8,16406.1,262.005,80.7,3549.219971,6.7
2021,1,-46,21,2024,142916,15047.3,18107.3,262.518,79,3832.759928,6.4
2021,2,-45,21,2024,143443,14948.2,16604.9,263.583,76.8,3832.759928,6.2
2021,3,-44,21,2024,144274,15657.6,20422.6,264.91,84.9,3832.759928,6.1
2021,4,-43,21,2024,144593,15854.1,17316.6,266.752,88.3,4227.593262,6.1
2021,5,-42,21,2024,145044,15890,16819.1,268.452,82.9,4227.593262,5.8
2021,6,-41,21,2024,145822,16108.5,16736.3,270.664,85.5,4227.593262,5.9
2021,7,-40,21,2024,146761,16150.8,16836.1,271.994,81.2,4408.493327,5.4
2021,8,-39,21,2024,147226,16305.6,16791.7,272.789,70.3,4408.493327,5.1
2021,9,-38,21,2024,147706,16398.9,16564.3,273.887,72.8,4408.493327,4.7
2021,10,-37,21,2024,148566,16613.8,16547.4,276.434,71.7,4646.186686,4.5
2021,11,-36,21,2024,149197,16741.6,16499.8,278.799,67.4,4646.186686,4.1
2021,12,-35,21,2024,149763,16799.2,16418.5,280.808,70.6,4646.186686,3.9
2022,1,-34,21,2024,150014,16888.6,16080.8,282.39,67.2,4473.299967,4
2022,2,-33,21,2024,150876,16999.7,16092.7,284.535,62.8,4473.299967,3.8
2022,3,-32,21,2024,151370,17203.6,16028.1,287.553,59.4,4473.299967,3.6
2022,4,-31,21,2024,151642,17310.5,16042.6,288.764,65.2,4016.486654,3.7
2022,5,-30,21,2024,151928,17384.8,16023.2,291.359,58.4,4016.486654,3.6
2022,6,-29,21,2024,152348,17550,15963.4,294.996,50,4016.486654,3.6
2022,7,-28,21,2024,153038,17556.4,16109.3,294.977,51.5,3890.303385,3.5
2022,8,-27,21,2024,153281,17692.2,16161.4,295.209,58.2,3890.303385,3.6
2022,9,-26,21,2024,153536,17804,16184.9,296.341,58.6,3890.303385,3.5
2022,10,-25,21,2024,153897,17915.1,16223.5,297.863,59.9,3930.530029,3.6
2022,11,-24,21,2024,154155,17892.5,16229.6,298.648,56.7,3930.530029,3.6
2022,12,-23,21,2024,154291,17943.6,16265.1,298.812,59.8,3930.530029,3.5
2023,1,-22,21,2024,154773,18229.6,16601.9,300.356,64.9,4052.02002,3.4
2023,2,-21,21,2024,155060,18296.5,16656.1,301.509,66.9,4052.02002,3.6
2023,3,-20,21,2024,155206,18282.6,16730.2,301.744,62,4052.02002,3.5
2023,4,-19,21,2024,155484,18363.8,16763.9,303.032,63.7,4266.563314,3.4
2023,5,-18,21,2024,155787,18407.8,16818.5,303.365,59,4266.563314,3.7
2023,6,-17,21,2024,156027,18485.4,16809.5,304.003,64.2,4266.563314,3.6
2023,7,-16,21,2024,156211,18595.4,16816.4,304.628,71.5,4461.556641,3.5
2023,8,-15,21,2024,156421,18651.6,16826.2,306.187,69.4,4461.556641,3.8
2023,9,-14,21,2024,156667,18791.5,16816.3,307.288,67.8,4461.556641,3.8
2023,10,-13,21,2024,156832,18826.8,16819.9,307.531,63.8,4510.476563,3.8
2023,11,-12,21,2024,157014,18903,16859.6,308.024,61.3,4510.476563,3.7
2023,12,-11,21,2024,157304,19013.7,16889.2,308.742,69.7,4510.476563,3.7
2024,1,-10,21,2024,157560,19028,16914.2,309.685,79,5065.42334,3.7
2024,2,-9,21,2024,157796,19136,16897.4,311.054,76.9,5065.42334,3.9
2024,3,-8,21,2024,158106,19263.7,16924.3,312.23,79.4,5065.42334,3.8
2024,4,-7,21,2024,158214,19309.3,16914.2,313.207,77.2,5294.099976,3.9
2024,5,-6,21,2024,158430,19413.7,16969.3,313.225,69.1,5294.099976,4
2024,6,-5,21,2024,158548,19476.7,16983.9,313.049,68.2,5294.099976,4.1
2024,7,-4,21,2024,158637,19580.5,17002,313.534,66.4,NA,4.3
2024,8,-3,21,2024,158779,NA,NA,314.121,67.9,NA,4.2