year,state,abbr,electors,d_pv,r_pv,pop,area
1948,Alabama,AL,11,79.75,19.03898037,2969000,50750
1948,Arizona,AZ,4,53.7943693,43.82401943,690000,113642
1948,Arkansas,AR,9,61.72141458,21.01618724,1825000,52075
1948,California,CA,25,47.5721975,47.12796448,10064000,155973
1948,Colorado,CO,6,51.87670916,46.52499723,1263000,103730
1948,Connecticut,CT,8,47.91039911,49.54669854,2014000,4845
1948,Delaware,DE,3,48.76072279,50.03703091,312000,1955
1948,Florida,FL,8,48.81700289,33.63323021,2578000,53997
1948,Georgia,GA,12,60.80895206,18.31365638,3259000,57919
1948,Idaho,ID,4,49.98231044,47.25625652,551000,82751
1948,Illinois,IL,28,50.0675695,49.22390454,8552000,55593
1948,Indiana,IN,13,48.77588283,49.5756587,3877000,35870
1948,Iowa,IA,10,50.31244221,47.58078808,2543000,55875
1948,Kansas,KS,8,44.61124795,53.62941308,1892000,81823
1948,Kentucky,KY,11,56.73755072,41.47653095,2817000,39732
1948,Louisiana,LA,10,32.74854925,17.45152953,2596000,43566
1948,Maine_full,ME_full,5,42.26610622,56.73725117,878000,30865
1948,Maine_d1,ME_d1,0,42.26610622,56.73725117,878000,30865
1948,Maine_d2,ME_d2,0,42.26610622,56.73725117,878000,30865
1948,Maryland,MD,8,48.01478043,49.40450954,2271000,9775
1948,Massachusetts,MA,16,54.6610439,43.156478,4674000,7838
1948,Michigan,MI,19,47.56559154,49.23163487,6213000,56539
1948,Minnesota,MN,11,57.16475311,39.89495358,2868000,79617
1948,Mississippi,MS,9,10.08585254,2.623965867,2076000,46914
1948,Missouri,MO,15,58.10837005,41.49419623,3844000,68898
1948,Montana,MT,4,53.09080694,43.14734392,542000,145556
1948,Nebraska_full,NE_full,6,45.84713871,54.15265677,1265000,76878
1948,Nebraska_d1,NE_d1,0,45.84713871,54.15265677,1265000,76878
1948,Nebraska_d2,NE_d2,0,45.84713871,54.15265677,1265000,76878
1948,Nebraska_d3,NE_d3,0,45.84713871,54.15265677,1265000,76878
1948,Nevada,NV,3,50.37429367,47.26081427,156000,109806
1948,New Hampshire,NH,4,46.66220187,52.41055997,520000,8969
1948,New Jersey,NJ,16,45.93125098,50.32553583,4774000,7419
1948,New Mexico,NM,4,56.37886701,42.92831827,604000,121365
1948,New York,NY,47,44.99802703,45.98465777,14497000,47224
1948,North Carolina,NC,14,58.02133191,32.68061915,3837000,48718
1948,North Dakota,ND,4,43.40963048,52.16613204,580000,68994
1948,Ohio,OH,25,49.48078572,49.23872754,7876000,40953
1948,Oklahoma,OK,10,62.74703817,37.25296183,2089000,68679
1948,Oregon,OR,6,46.39501603,49.7832392,1405000,96003
1948,Pennsylvania,PA,35,46.91717704,50.92695122,10287000,44820
1948,Rhode Island,RI,4,57.59378948,41.43612184,787000,1034
1948,South Carolina,SC,8,24.14446136,3.777766867,1996000,30111
1948,South Dakota,SD,4,47.04144259,51.83862778,612000,75898
1948,Tennessee,TN,12,49.1387159,36.87448095,3216000,41220
1948,Texas,TX,23,65.96112124,24.28557824,7626000,261914
1948,Utah,UT,4,53.98056496,45.02343425,653000,82168
1948,Vermont,VT,3,36.92353828,61.53733932,359000,9249
1948,Virginia,VA,11,47.89102601,41.04175015,3207000,39598
1948,Washington,WA,8,52.61148721,42.68395762,2255000,66582
1948,West Virginia,WV,8,57.320601,42.23719533,1899000,24087
1948,Wisconsin,WI,12,50.69783835,46.28438283,3314000,54314
1948,Wyoming,WY,3,51.61843727,47.2733547,269000,97105
1952,Alabama,AL,11,64.55341218,35.02088614,3068000,50750
1952,Arizona,AZ,4,41.65022835,58.34977165,842000,113642
1952,Arkansas,AR,8,55.9041502,43.76358696,1838000,52075
1952,California,CA,32,42.26532747,56.82913912,11635000,155973
1952,Colorado,CO,6,38.96251883,60.27300299,1365000,103730
1952,Connecticut,CT,8,43.90957881,55.70296952,2081000,4845
1952,Delaware,DE,3,47.87530527,51.75061054,341000,1955
1952,Florida,FL,10,44.97456377,54.98995792,3157000,53997
1952,Georgia,GA,12,69.65857125,30.34127627,3584000,57919
1952,Idaho,ID,4,34.42082894,65.41879803,587000,82751
1952,Illinois,IL,27,44.94295767,54.8380985,8956000,55593
1952,Indiana,IN,13,40.99216243,58.11100456,4148000,35870
1952,Iowa,IA,10,35.58658641,63.75498218,2626000,55875
1952,Kansas,KS,8,30.49613576,68.77096431,1977000,81823
1952,Kentucky,KY,10,49.91491701,49.84443406,2920000,39732
1952,Louisiana,LA,10,52.92214764,47.07785236,2842000,43566
1952,Maine_full,ME_full,5,33.77223653,66.04953011,915000,30865
1952,Maine_d1,ME_d1,0,33.77223653,66.04953011,915000,30865
1952,Maine_d2,ME_d2,0,33.77223653,66.04953011,915000,30865
1952,Maryland,MD,9,43.82534027,55.36397236,2500000,9775
1952,Massachusetts,MA,16,45.46135392,54.22195538,4650000,7838
1952,Michigan,MI,20,43.97414843,55.43962821,6650000,56539
1952,Minnesota,MN,11,44.10768382,55.32587208,3030000,79617
1952,Mississippi,MS,8,60.43665859,39.56334141,2152000,46914
1952,Missouri,MO,13,49.14373842,50.70811633,3972000,68898
1952,Montana,MT,4,40.07478201,59.38567068,602000,145556
1952,Nebraska_full,NE_full,6,30.84620936,69.15379064,1311000,76878
1952,Nebraska_d1,NE_d1,0,30.84620936,69.15379064,1311000,76878
1952,Nebraska_d2,NE_d2,0,30.84620936,69.15379064,1311000,76878
1952,Nebraska_d3,NE_d3,0,30.84620936,69.15379064,1311000,76878
1952,Nevada,NV,3,38.55456868,61.44543132,181000,109806
1952,New Hampshire,NH,4,39.07785309,60.92214691,535000,8969
1952,New Jersey,NJ,16,41.98715962,56.81266052,5125000,7419
1952,New Mexico,NM,4,44.28225374,55.39210756,735000,121365
1952,New York,NY,45,43.55353586,55.45288101,15192000,47224
1952,North Carolina,NC,14,53.91011718,46.08988282,4109000,48718
1952,North Dakota,ND,4,28.39183051,70.97106176,608000,68994
1952,Ohio,OH,25,43.24430292,56.75569708,8275000,40953
1952,Oklahoma,OK,8,45.4105654,54.5894346,2219000,68679
1952,Oregon,OR,6,38.92892546,60.54378118,1582000,96003
1952,Pennsylvania,PA,32,46.85185602,52.73532739,10503000,44820
1952,Rhode Island,RI,4,49.0455925,50.88926846,802000,1034
1952,South Carolina,SC,8,50.72151891,49.27848109,2178000,30111
1952,South Dakota,SD,4,30.72756496,69.27243504,651000,75898
1952,Tennessee,TN,11,49.71245405,49.98549106,3352000,41220
1952,Texas,TX,24,46.68849768,53.12652641,8314000,261914
1952,Utah,UT,4,41.0749073,58.9250927,724000,82168
1952,Vermont,VT,3,28.23381546,71.45034092,375000,9249
1952,Virginia,VA,12,43.3567483,56.32454344,3504000,39598
1952,Washington,WA,9,44.69406225,54.33052086,2448000,66582
1952,West Virginia,WV,8,51.9236493,48.0763507,1957000,24087
1952,Wisconsin,WI,12,38.70764043,60.95323417,3469000,54314
1952,Wyoming,WY,3,37.08597999,62.70512414,293000,97105
1956,Alabama,AL,11,56.52251792,39.38527304,3071000,50750
1956,Arizona,AZ,4,38.90093151,60.99464802,1053000,113642
1956,Arkansas,AR,8,52.45737532,45.81894474,1704000,52075
1956,California,CA,32,44.27328631,55.38732848,13713000,155973
1956,Colorado,CO,6,39.81410823,59.49245484,1625000,103730
1956,Connecticut,CT,8,36.260978,63.72067126,2316000,4845
1956,Delaware,DE,3,44.62154752,55.09191631,408000,1955
1956,Florida,FL,10,42.72927007,57.27072993,4047000,53997
1956,Georgia,GA,12,66.4818834,32.65388557,3701000,57919
1956,Idaho,ID,4,38.78104979,61.16693347,628000,82751
1956,Illinois,IL,27,40.28858692,59.52087021,9530000,55593
1956,Indiana,IN,13,39.69944399,59.90108411,4458000,35870
1956,Iowa,IA,10,40.65062646,59.06433364,2703000,55875
1956,Kansas,KS,8,34.20714511,65.44099058,2119000,81823
1956,Kentucky,KY,10,45.21263422,54.29771163,2898000,39732
1956,Louisiana,LA,10,39.50763023,53.28316687,3032000,43566
1956,Maine_full,ME_full,5,29.13456125,70.86543875,938000,30865
1956,Maine_d1,ME_d1,0,29.13456125,70.86543875,938000,30865
1956,Maine_d2,ME_d2,0,29.13456125,70.86543875,938000,30865
1956,Maryland,MD,9,39.96488447,60.03511553,2811000,9775
1956,Massachusetts,MA,16,40.37417831,59.32269281,4891000,7838
1956,Michigan,MI,20,44.1458246,55.62943683,7467000,56539
1956,Minnesota,MN,11,46.08378327,53.67905344,7467000,56539
1956,Mississippi,MS,8,58.23033742,24.4550653,2086000,46914
1956,Missouri,MO,13,50.10870028,49.89129972,4163000,68898
1956,Montana,MT,4,42.86520314,57.13479686,656000,145556
1956,Nebraska_full,NE_full,6,34.48557275,65.51442725,1397000,76878
1956,Nebraska_d1,NE_d1,0,34.48557275,65.51442725,1397000,76878
1956,Nebraska_d2,NE_d2,0,34.48557275,65.51442725,1397000,76878
1956,Nebraska_d3,NE_d3,0,34.48557275,65.51442725,1397000,76878
1956,Nevada,NV,3,42.03166855,57.96833145,250000,109806
1956,New Hampshire,NH,4,33.84495532,66.11347071,566000,8969
1956,New Jersey,NJ,16,34.22826924,64.68358242,5615000,7419
1956,New Mexico,NM,4,41.78303915,57.8073927,806000,121365
1956,New York,NY,45,38.77962358,61.18898076,16112000,47224
1956,North Carolina,NC,14,50.66352549,49.33647451,4309000,48718
1956,North Dakota,ND,4,38.08875118,61.72108461,613000,68994
1956,Ohio,OH,25,38.88579019,61.11420981,9207000,40953
1956,Oklahoma,OK,8,44.86891255,55.13108745,2273000,68679
1956,Oregon,OR,6,44.75330922,55.24669078,1698000,96003
1956,Pennsylvania,PA,32,43.30312905,56.48968219,10972000,44820
1956,Rhode Island,RI,4,41.74030149,58.25918253,840000,1034
1956,South Carolina,SC,8,45.36916592,25.18439167,2229000,30111
1956,South Dakota,SD,4,41.61479903,58.38520097,670000,75898
1956,Tennessee,TN,11,48.59538601,49.21077619,3415000,41220
1956,Texas,TX,24,43.97536237,55.25922441,8830000,261914
1956,Utah,UT,4,35.43885388,64.56114612,809000,82168
1956,Vermont,VT,3,27.81380329,72.16070285,377000,9249
1956,Virginia,VA,12,38.36224064,55.36836405,3722000,39598
1956,Washington,WA,9,45.44330513,53.90876097,2668000,66582
1956,West Virginia,WV,8,45.92197451,54.07802549,1857000,24087
1956,Wisconsin,WI,12,37.84237674,61.58066967,3742000,54314
1956,Wyoming,WY,3,39.92201536,60.07798464,312000,97105
1960,Alabama,AL,11,56.38941101,42.1598553,3274000,50750
1960,Alaska,AK,3,49.05862217,50.94137783,229000,570641
1960,Arizona,AZ,4,44.36260794,55.51969806,1321000,113642
1960,Arkansas,AR,8,50.18541034,43.0581388,1789000,52075
1960,California,CA,32,49.55137708,50.09886918,15870000,155973
1960,Colorado,CO,6,44.90740867,54.63418477,1769000,103730
1960,Connecticut,CT,8,53.72999706,46.26877633,2544000,4845
1960,Delaware,DE,3,50.63477779,48.99915092,449000,1955
1960,Florida,FL,10,48.48540581,51.51459419,5004000,53997
1960,Georgia,GA,12,62.54020937,37.42720042,3956000,57919
1960,Hawaii,HI,3,50.03113072,49.96886928,642000,6423
1960,Idaho,ID,4,46.21501082,53.78498918,671000,82751
1960,Illinois,IL,27,49.98195446,49.79576068,10086000,55593
1960,Indiana,IN,13,44.59941181,55.0314701,4674000,35870
1960,Iowa,IA,10,43.22190908,56.71026291,2756000,55875
1960,Kansas,KS,8,39.1045676,60.44992329,2183000,81823
1960,Kentucky,KY,10,46.40930507,53.59069493,3041000,39732
1960,Louisiana,LA,10,50.42004429,28.59049055,3260000,43566
1960,Maine_full,ME_full,5,42.95177738,57.04680006,975000,30865
1960,Maine_d1,ME_d1,0,42.95177738,57.04680006,975000,30865
1960,Maine_d2,ME_d2,0,42.95177738,57.04680006,975000,30865
1960,Maryland,MD,9,53.61335444,46.38636129,3113000,9775
1960,Massachusetts,MA,16,60.22215203,39.55286133,5160000,7838
1960,Michigan,MI,20,50.85050256,48.83606477,7834000,56539
1960,Minnesota,MN,11,50.58301938,49.15502887,3425000,79617
1960,Mississippi,MS,8,36.34223315,24.67074263,2182000,46914
1960,Missouri,MO,13,50.25795819,49.74204181,4326000,68898
1960,Montana,MT,4,48.59553496,51.09932668,679000,145556
1960,Nebraska_full,NE_full,6,37.92919531,62.07080469,1417000,76878
1960,Nebraska_d1,NE_d1,0,37.92919531,62.07080469,1417000,76878
1960,Nebraska_d2,NE_d2,0,37.92919531,62.07080469,1417000,76878
1960,Nebraska_d3,NE_d3,0,37.92919531,62.07080469,1417000,76878
1960,Nevada,NV,3,51.16205357,48.83794643,291000,109806
1960,New Hampshire,NH,4,46.58220658,53.41779342,609000,8969
1960,New Jersey,NJ,16,49.9588729,49.16225856,6103000,7419
1960,New Mexico,NM,4,50.15219844,49.41483155,954000,121365
1960,New York,NY,45,52.53111371,47.26898447,16838000,47224
1960,North Carolina,NC,14,52.1086459,47.8913541,4573000,48718
1960,North Dakota,ND,4,44.52198211,55.42127134,634000,68994
1960,Ohio,OH,25,46.71585462,53.28414538,9734000,40953
1960,Oklahoma,OK,8,40.98001439,59.01998561,2336000,68679
1960,Oregon,OR,6,47.31994627,52.55653827,1772000,96003
1960,Pennsylvania,PA,32,51.05884482,48.7353644,11329000,44820
1960,Rhode Island,RI,4,63.62755373,36.37219969,855000,1034
1960,South Carolina,SC,8,51.23743173,48.76230967,2392000,30111
1960,South Dakota,SD,4,41.78643792,58.21356208,683000,75898
1960,Tennessee,TN,11,45.77454478,52.91702162,3575000,41220
1960,Texas,TX,24,50.5203186,48.51879032,9624000,261914
1960,Utah,UT,4,45.16785025,54.80546237,900000,82168
1960,Vermont,VT,3,41.34852143,58.64729507,389000,9249
1960,Virginia,VA,12,46.96707106,52.43651881,3986000,39598
1960,Washington,WA,9,48.26929087,50.68356889,2855000,66582
1960,West Virginia,WV,8,52.7328741,47.2671259,1853000,24087
1960,Wisconsin,WI,12,48.04890688,51.77169157,3962000,54314
1960,Wyoming,WY,3,44.98515435,55.01484565,331000,97105
1964,Alabama,AL,10,30.55,69.45102832,3395000,50750
1964,Alaska,AK,3,65.90790824,34.09209176,263000,570641
1964,Arizona,AZ,5,49.45254488,50.44719928,1556000,113642
1964,Arkansas,AR,6,56.06395849,43.40697969,1897000,52075
1964,California,CA,40,59.11195414,40.79451529,18151000,155973
1964,Colorado,CO,6,61.26545395,38.19463929,1970000,103730
1964,Connecticut,CT,8,67.80600011,32.08625135,2798000,4845
1964,Delaware,DE,3,60.94973177,38.78303199,497000,1955
1964,District Of Columbia,DC,3,85.49776683,14.50223317,NA,NA
1964,Florida,FL,14,51.14854237,48.85145763,5781000,53997
1964,Georgia,GA,12,45.86504771,54.11783706,4258000,57919
1964,Hawaii,HI,4,78.7611388,21.2388612,700000,6423
1964,Idaho,ID,4,50.91682423,49.08317577,680000,82751
1964,Illinois,IL,26,59.4711367,40.52754495,10580000,55593
1964,Indiana,IN,13,55.97842041,43.56068973,4856000,35870
1964,Iowa,IA,9,61.8831461,37.91753585,2746000,55875
1964,Kansas,KS,7,54.08875849,45.06102686,2209000,81823
1964,Kentucky,KY,9,64.01451097,35.65387796,3129000,39732
1964,Louisiana,LA,10,43.18543155,56.81456845,3446000,43566
1964,Maine_full,ME_full,4,68.79579037,31.13705698,993000,30865
1964,Maine_d1,ME_d1,0,68.79579037,31.13705698,993000,30865
1964,Maine_d2,ME_d2,0,68.79579037,31.13705698,993000,30865
1964,Maryland,MD,10,65.46709815,34.5284234,3492000,9775
1964,Massachusetts,MA,14,76.18660541,23.44453552,5448000,7838
1964,Michigan,MI,21,66.70455702,33.09766595,8187000,56539
1964,Minnesota,MN,10,63.75948721,36.00113737,3558000,79617
1964,Mississippi,MS,7,12.8604459,87.1395541,2241000,46914
1964,Missouri,MO,12,64.04958746,35.95041254,4442000,68898
1964,Montana,MT,4,58.94813156,40.56735145,706000,145556
1964,Nebraska_full,NE_full,5,52.6071892,47.3928108,1482000,76878
1964,Nebraska_d1,NE_d1,0,52.6071892,47.3928108,1482000,76878
1964,Nebraska_d2,NE_d2,0,52.6071892,47.3928108,1482000,76878
1964,Nebraska_3,NA,NA,52.6071892,47.3928108,NA,NA
1964,Nevada,NV,3,58.58173414,41.41826586,426000,109806
1964,New Hampshire,NH,4,63.89047981,36.10952019,663000,8969
1964,New Jersey,NJ,17,65.60667002,33.85742438,6660000,7419
1964,New Mexico,NM,4,59.22103689,40.24174717,1006000,121365
1964,New York,NY,43,68.56189947,31.30832129,17589000,47224
1964,North Carolina,NC,13,56.15077513,43.84922487,4802000,48718
1964,North Dakota,ND,4,57.96841197,41.87755671,649000,68994
1964,Ohio,OH,26,62.94299904,37.05700096,10080000,40953
1964,Oklahoma,OK,8,55.74633324,44.25366676,2446000,68679
1964,Oregon,OR,6,63.71789573,35.9630169,1888000,96003
1964,Pennsylvania,PA,29,64.92131984,34.70380638,11519000,44820
1964,Rhode Island,RI,4,80.86907927,19.12758818,885000,1034
1964,South Carolina,SC,8,41.10481824,58.89365724,2475000,30111
1964,South Dakota,SD,4,55.61241548,44.38758452,701000,75898
1964,Tennessee,TN,11,55.50498013,44.4920477,3771000,41220
1964,Texas,TX,25,63.31574674,36.49162425,10270000,261914
1964,Utah,UT,4,54.86448003,45.13551997,978000,82168
1964,Vermont,VT,3,66.29938255,33.68835421,399000,9249
1964,Virginia,VA,12,53.54079137,46.18144871,4357000,39598
1964,Washington,WA,9,61.96633284,37.3734661,2961000,66582
1964,West Virginia,WV,7,67.93684662,32.06315338,1797000,24087
1964,Wisconsin,WI,12,62.08858534,37.74023756,4165000,54314
1964,Wyoming,WY,3,56.55847978,43.44152022,339000,97105
1968,Alabama,AL,10,18.72328956,13.99377284,3446000,50750
1968,Alaska,AK,3,42.64587222,45.28210995,285000,570641
1968,Arizona,AZ,5,35.0177436,54.77537089,1682000,113642
1968,Arkansas,AR,6,30.33202644,31.01461638,1902000,52075
1968,California,CA,40,44.73942049,47.81938078,19394000,155973
1968,Colorado,CO,6,41.31834482,50.46172394,2120000,103730
1968,Connecticut,CT,8,49.47820148,44.31673449,2964000,4845
1968,Delaware,DE,3,41.60808333,45.11608596,534000,1955
1968,District Of Columbia,DC,3,81.81946089,18.18053911,NA,NA
1968,Florida,FL,14,30.93484109,40.53395984,6433000,53997
1968,Georgia,GA,12,26.7495077,30.40241037,4482000,57919
1968,Hawaii,HI,4,59.8277862,38.7036551,734000,6423
1968,Idaho,ID,4,30.65872664,56.79212042,695000,82751
1968,Illinois,IL,26,44.15421704,47.07558787,10995000,55593
1968,Indiana,IN,13,37.9855029,50.28661276,5093000,35870
1968,Iowa,IA,9,40.81568175,53.0087822,2803000,55875
1968,Kansas,KS,7,34.7160749,54.84456045,2216000,81823
1968,Kentucky,KY,9,37.64974292,43.79335785,3195000,39732
1968,Louisiana,LA,10,28.21221924,23.46667274,3603000,43566
1968,Maine_full,ME_full,4,55.30468066,43.0741902,994000,30865
1968,Maine_d1,ME_d1,0,55.30468066,43.0741902,994000,30865
1968,Maine_d2,ME_d2,0,55.30468066,43.0741902,994000,30865
1968,Maryland,MD,10,43.58647784,41.94159051,3815000,9775
1968,Massachusetts,MA,14,63.00918794,32.88703087,5618000,7838
1968,Michigan,MI,21,48.18395463,41.45678639,8696000,56539
1968,Minnesota,MN,10,53.99638655,41.46294326,3703000,79617
1968,Mississippi,MS,7,23.01633744,13.52403099,2219000,46914
1968,Missouri,MO,12,43.7382219,44.87046712,4568000,68898
1968,Montana,MT,4,41.58722176,50.59510794,700000,145556
1968,Nebraska_full,NE_full,5,31.8121788,59.8234892,1467000,76878
1968,Nebraska_d1,NE_d1,0,31.8121788,59.8234892,1467000,76878
1968,Nebraska_d2,NE_d2,0,31.8121788,59.8234892,1467000,76878
1968,Nebraska_d3,NE_d3,0,31.8121788,59.8234892,1467000,76878
1968,Nevada,NV,3,39.29372706,47.45749523,464000,109806
1968,New Hampshire,NH,4,43.92513934,52.10343795,709000,8969
1968,New Jersey,NJ,17,43.96634202,46.09686669,7005000,7419
1968,New Mexico,NM,4,39.74596753,51.84902271,994000,121365
1968,New York,NY,43,49.75607012,44.29900976,18051000,47224
1968,North Carolina,NC,13,29.23559348,39.50833169,5004000,48718
1968,North Dakota,ND,4,38.23149724,55.9415367,621000,68994
1968,Ohio,OH,26,42.94736619,45.2310757,10516000,40953
1968,Oklahoma,OK,8,31.98626636,47.68356226,2503000,68679
1968,Oregon,OR,6,43.78432985,49.83187372,2004000,96003
1968,Pennsylvania,PA,29,47.58717908,44.01955969,11741000,44820
1968,Rhode Island,RI,4,64.03064935,31.78155844,922000,1034
1968,South Carolina,SC,8,29.60889499,38.09128282,2559000,30111
1968,South Dakota,SD,4,41.96164458,53.27414813,669000,75898
1968,Tennessee,TN,11,28.12976277,37.8492364,3878000,41220
1968,Texas,TX,25,41.13793374,39.87275468,10819000,261914
1968,Utah,UT,4,37.07450635,56.49457602,1029000,82168
1968,Vermont,VT,3,43.52742187,52.75086119,430000,9249
1968,Virginia,VA,12,32.49283322,43.35827413,4558000,39598
1968,Washington,WA,9,47.23192318,45.12141172,3270000,66582
1968,West Virginia,WV,7,49.60063961,40.77864668,1763000,24087
1968,Wisconsin,WI,12,44.26764282,47.88523817,4345000,54314
1968,Wyoming,WY,3,35.51196887,55.75802838,324000,97105
1972,Alabama,AL,9,25.53670486,72.42879137,3539400,50750
1972,Alaska,AK,3,34.62229177,58.12810468,324464,570641
1972,Arizona,AZ,6,30.3807928,61.63870208,2008291,113642
1972,Arkansas,AR,6,30.7101191,68.82420877,2018638,52075
1972,California,CA,45,41.53805357,54.99727409,20585469,155973
1972,Colorado,CO,7,34.59330485,62.60604015,2404619,103730
1972,Connecticut,CT,8,40.12910711,58.56941927,3068699,4845
1972,Delaware,DE,3,39.18332512,59.59552642,572913,1955
1972,District Of Columbia,DC,3,78.09706219,21.55536926,NA,NA
1972,Florida,FL,17,27.79861904,71.91465279,7511463,53997
1972,Georgia,GA,12,24.64554824,75.03549625,4809490,57919
1972,Hawaii,HI,4,37.52081221,62.47918779,828331,6423
1972,Idaho,ID,4,26.04106592,64.23888214,763237,82751
1972,Illinois,IL,26,40.51188634,59.03111765,11251948,55593
1972,Indiana,IN,13,33.33607775,66.10843701,5302435,35870
1972,Iowa,IA,8,40.47542139,57.60515978,2860287,55875
1972,Kansas,KS,7,29.50425447,67.65804856,2256375,81823
1972,Kentucky,KY,9,34.76902554,63.36736615,3335728,39732
1972,Louisiana,LA,10,28.35421321,65.32171935,3761646,43566
1972,Maine_full,ME_full,2,38.48434231,61.46077729,1034292,30865
1972,Maine_d1,ME_d1,1,39,61,1034292,30865
1972,Maine_d2,ME_d2,1,38,62,1034292,30865
1972,Maryland,MD,10,37.35976635,61.2570283,4073499,9775
1972,Massachusetts,MA,14,54.19569896,45.22929481,5760302,7838
1972,Michigan,MI,21,41.81372795,56.20453683,9028944,56539
1972,Minnesota,MN,10,46.06810086,51.57568791,3869747,79617
1972,Mississippi,MS,7,19.62682073,78.19720325,2307117,46914
1972,Missouri,MO,12,37.70566488,62.29433512,4758780,68898
1972,Montana,MT,4,37.84504554,57.92640498,718732,145556
1972,Nebraska_full,NE_full,5,29.49752641,70.50247359,1519013,76878
1972,Nebraska_d1,NE_d1,0,29.49752641,70.50247359,1519013,76878
1972,Nebraska_d2,NE_d2,0,29.49752641,70.50247359,1519013,76878
1972,Nebraska_d3,NE_d3,0,29.49752641,70.50247359,1519013,76878
1972,Nevada,NV,3,36.31922362,63.68077638,546789,109806
1972,New Hampshire,NH,4,34.85462149,63.97792007,781107,8969
1972,New Jersey,NJ,17,36.77433389,61.57360682,7335042,7419
1972,New Mexico,NM,4,36.55679383,61.04873669,1078697,121365
1972,New York,NY,41,41.20572535,58.54338905,18339400,47224
1972,North Carolina,NC,13,28.88855086,69.46402373,5301150,48718
1972,North Dakota,ND,3,35.78573618,62.06784688,631119,68994
1972,Ohio,OH,25,38.07008765,59.63257674,10746993,40953
1972,Oklahoma,OK,8,23.99718419,73.69890281,2658646,68679
1972,Oregon,OR,6,42.32573878,52.44766398,2197297,96003
1972,Pennsylvania,PA,27,39.13131342,59.11278161,11908233,44820
1972,Rhode Island,RI,4,46.81126866,53.00114476,974790,1034
1972,South Carolina,SC,8,27.92087095,70.57694577,2719197,30111
1972,South Dakota,SD,4,45.52315274,54.15350585,677234,75898
1972,Tennessee,TN,10,29.74511773,67.69556986,4094611,41220
1972,Texas,TX,26,33.23887311,66.19882893,11759148,261914
1972,Utah,UT,4,26.39296433,67.64038322,1135449,82168
1972,Vermont,VT,3,36.46721513,62.66461973,463143,9249
1972,Virginia,VA,12,30.12225647,67.8435216,4824472,39598
1972,Washington,WA,9,38.63991292,56.91516521,3447885,66582
1972,West Virginia,WV,6,36.38973818,63.61026182,1797648,24087
1972,Wisconsin,WI,11,43.72488383,53.39928436,4502412,54314
1972,Wyoming,WY,3,30.4719379,69.01421996,347345,97105
1976,Alabama,AL,9,55.72726888,42.61487086,3735139,50750
1976,Alaska,AK,3,35.65313092,57.9045754,400969,570641
1976,Arizona,AZ,6,39.79997819,56.36613578,2346157,113642
1976,Arkansas,AR,6,64.96172813,34.90433661,2170161,52075
1976,California,CA,45,47.95482184,49.74831396,21935909,155973
1976,Colorado,CO,7,42.609946,54.02777778,2632306,103730
1976,Connecticut,CT,8,46.73370096,51.88144451,3083335,4845
1976,Delaware,DE,3,51.9690887,46.5876202,590166,1955
1976,District Of Columbia,DC,3,81.63122668,16.5095066,NA,NA
1976,Florida,FL,17,51.92610623,46.64243448,8667379,53997
1976,Georgia,GA,12,66.93829486,33.06170514,5132812,57919
1976,Hawaii,HI,4,50.59199934,48.06128369,904191,6423
1976,Idaho,ID,4,37.11854563,59.88026938,856983,82751
1976,Illinois,IL,26,48.10759027,50.07684354,11342853,55593
1976,Indiana,IN,13,45.70038579,53.32274647,5389088,35870
1976,Iowa,IA,8,48.45849654,49.46943765,2903082,55875
1976,Kansas,KS,7,44.93639368,52.48782423,2301001,81823
1976,Kentucky,KY,9,52.75424927,45.56874828,3529257,39732
1976,Louisiana,LA,10,51.77499622,45.98824315,3950605,43566
1976,Maine_full,ME_full,2,48.09407663,48.93077802,1088412,30865
1976,Maine_d1,ME_d1,1,48,49,1088412,30865
1976,Maine_d2,ME_d2,1,48,49,1088412,30865
1976,Maryland,MD,10,53.03541992,46.96458008,4150539,9775
1976,Massachusetts,MA,14,56.11157823,40.44170928,5743672,7838
1976,Michigan,MI,21,46.46507412,51.86075107,9129205,56539
1976,Minnesota,MN,10,54.89630146,42.02174333,3964680,79617
1976,Mississippi,MS,7,49.62701232,47.74216218,2429756,46914
1976,Missouri,MO,12,51.10498567,47.47353604,4839029,68898
1976,Montana,MT,4,45.40418697,52.83998613,757317,145556
1976,Nebraska_full,NE_full,5,38.44967194,59.20388826,1550911,76878
1976,Nebraska_d1,NE_d1,0,38.4496719,59.2038883,1550911,76878
1976,Nebraska_d2,NE_d2,0,38.4496719,59.2038883,1550911,76878
1976,Nebraska_d3,NE_d3,0,38.4496719,59.2038883,1550911,76878
1976,Nevada,NV,3,45.80980404,50.16594345,646975,109806
1976,New Hampshire,NH,4,43.4726921,54.74682519,845248,8969
1976,New Jersey,NJ,17,47.92391503,50.08134094,7339745,7419
1976,New Mexico,NM,4,48.28440433,50.74989798,1189295,121365
1976,New York,NY,41,48.65083286,42.37855381,17940541,47224
1976,North Carolina,NC,13,55.26918671,44.21940204,5607964,48718
1976,North Dakota,ND,3,45.77004319,51.69184818,645797,68994
1976,Ohio,OH,25,48.89868667,48.67163157,10752662,40953
1976,Oklahoma,OK,8,48.74722019,49.96177619,2826815,68679
1976,Oregon,OR,6,47.61806276,47.78439346,2378262,96003
1976,Pennsylvania,PA,27,50.39567935,47.73221531,11897378,44820
1976,Rhode Island,RI,4,55.44200456,44.14419461,946089,1034
1976,South Carolina,SC,8,56.16951767,43.12937104,2943657,30111
1976,South Dakota,SD,4,48.91212526,50.38779026,686390,75898
1976,Tennessee,TN,10,55.94074831,42.94176297,4346928,41220
1976,Texas,TX,26,51.13895681,47.97042352,12904089,261914
1976,Utah,UT,4,33.64817874,62.43473055,1274928,82168
1976,Vermont,VT,3,42.30405325,54.58722581,484928,9249
1976,Virginia,VA,12,47.95821563,49.29332141,5121863,39598
1976,Washington,WA,9,46.11426044,49.99774997,3693610,66582
1976,West Virginia,WV,6,58.06951865,41.93048135,1879503,24087
1976,Wisconsin,WI,11,49.50336357,47.8260973,4595904,54314
1976,Wyoming,WY,3,39.80926553,59.30358251,396952,97105
1980,Alabama,AL,9,47.44885907,48.75012016,3900368,50750
1980,Alaska,AK,3,26.4079018,54.34819654,405315,570641
1980,Arizona,AZ,6,28.24468359,60.60884838,2737774,113642
1980,Arkansas,AR,6,47.52263062,48.13427223,2288738,52075
1980,California,CA,45,35.91943691,52.69750288,23800800,155973
1980,Colorado,CO,7,31.0700325,55.06893495,2908803,103730
1980,Connecticut,CT,8,38.52220567,48.15595701,3113174,4845
1980,Delaware,DE,3,44.87414498,47.20708794,594919,1955
1980,District Of Columbia,DC,3,74.89317898,13.40682849,NA,NA
1980,Florida,FL,17,38.50021983,55.51916271,9839835,53997
1980,Georgia,GA,12,55.79610535,40.96730659,5486174,57919
1980,Hawaii,HI,4,44.80211813,42.90061889,967710,6423
1980,Idaho,ID,4,25.19071579,66.45596677,947983,82751
1980,Illinois,IL,26,41.71640818,49.64605289,11434702,55593
1980,Indiana,IN,13,37.65319244,56.00524167,5490721,35870
1980,Iowa,IA,8,38.60416298,51.30500182,2914018,55875
1980,Kansas,KS,7,33.28757546,57.85006047,2369039,81823
1980,Kentucky,KY,9,47.65391583,49.03216744,3664221,39732
1980,Louisiana,LA,10,45.74823178,51.1983474,4223101,43566
1980,Maine_full,ME_full,2,42.2503542,45.60554176,1126860,30865
1980,Maine_d1,ME_d1,1,42,45,1126860,30865
1980,Maine_d2,ME_d2,1,43,46,1126860,30865
1980,Maryland,MD,10,47.13812954,44.18096509,4227643,9775
1980,Massachusetts,MA,14,41.74977913,41.90147736,5746075,7838
1980,Michigan,MI,21,42.4974135,48.98618189,9255553,56539
1980,Minnesota,MN,10,46.50156244,42.55866225,4085017,79617
1980,Mississippi,MS,7,48.13916456,49.4633025,2525342,46914
1980,Missouri,MO,12,44.34571659,51.15576353,4921966,68898
1980,Montana,MT,4,32.4306502,56.82452631,788752,145556
1980,Nebraska_full,NE_full,5,26.02273847,65.55001853,1572296,76878
1980,Nebraska_d1,NE_d1,0,26.02273847,65.55001853,1572296,76878
1980,Nebraska_d2,NE_d2,0,26.02273847,65.55001853,1572296,76878
1980,Nebraska_d3,NE_d3,0,26.02273847,65.55001853,1572296,76878
1980,Nevada,NV,3,27.35666333,63.61185431,810215,109806
1980,New Hampshire,NH,4,28.3507383,57.73718066,924250,8969
1980,New Jersey,NJ,17,38.55799204,51.97315978,7376330,7419
1980,New Mexico,NM,4,36.78482894,54.96682645,1309400,121365
1980,New York,NY,41,43.99209992,42.53011024,17566754,47224
1980,North Carolina,NC,13,47.18285535,49.30497518,5898980,48718
1980,North Dakota,ND,3,26.2985029,64.32570836,654380,68994
1980,Ohio,OH,25,40.90981354,51.51142625,10800650,40953
1980,Oklahoma,OK,8,34.96766135,60.49970949,3040758,68679
1980,Oregon,OR,6,38.66981065,48.33146568,2641218,96003
1980,Pennsylvania,PA,27,42.47593062,49.58613404,11868305,44820
1980,Rhode Island,RI,4,47.68214786,37.21280775,948773,1034
1980,South Carolina,SC,8,48.20896631,49.45376231,3134502,30111
1980,South Dakota,SD,4,31.6918063,60.52523169,690851,75898
1980,Tennessee,TN,10,48.40771852,48.69888775,4600252,41220
1980,Texas,TX,26,41.42003014,55.28195126,14338208,261914
1980,Utah,UT,4,20.56866484,72.77754605,1472595,82168
1980,Vermont,VT,3,38.42118341,44.36401483,512524,9249
1980,Virginia,VA,12,40.30874069,53.03279901,5368334,39598
1980,Washington,WA,9,37.31607203,49.65834364,4154678,66582
1980,West Virginia,WV,6,49.81083481,45.30286086,1951349,24087
1980,Wisconsin,WI,11,43.18031551,47.89877447,4712045,54314
1980,Wyoming,WY,3,27.97021159,62.6439481,474185,97105
1984,Alabama,AL,9,38.28078127,60.54249355,3951820,50750
1984,Alaska,AK,3,29.86777775,66.65398232,513702,570641
1984,Arizona,AZ,7,32.54264317,66.42148286,3067135,113642
1984,Arkansas,AR,6,38.290785,60.46702533,2319768,52075
1984,California,CA,47,41.2677757,57.51694285,25844393,155973
1984,Colorado,CO,8,35.1228983,63.44215597,3169992,103730
1984,Connecticut,CT,8,38.82998159,60.73195173,3180014,4845
1984,Delaware,DE,3,39.93212136,59.78269409,611565,1955
1984,District Of Columbia,DC,3,85.38487751,13.7296013,NA,NA
1984,Florida,FL,21,34.66024697,65.31858104,11039925,53997
1984,Georgia,GA,12,39.78530524,60.17229857,5834954,57919
1984,Hawaii,HI,4,43.81591563,55.09965877,1027922,6423
1984,Idaho,ID,4,26.39221295,72.36467029,990839,82751
1984,Illinois,IL,24,43.29655321,56.17459154,11412132,55593
1984,Indiana,IN,12,37.68271379,61.67431459,5458322,35870
1984,Iowa,IA,8,45.8870818,53.27211217,2858618,55875
1984,Kansas,KS,7,32.59803658,66.27220788,2424086,81823
1984,Kentucky,KY,9,39.40124658,60.00693762,3695453,39732
1984,Louisiana,LA,10,38.17539263,60.77370692,4400477,43566
1984,Maine_full,ME_full,2,38.78104074,60.83406852,1155635,30865
1984,Maine_d1,ME_d1,1,40,60,1155635,30865
1984,Maine_d2,ME_d2,1,38,62,1155635,30865
1984,Maryland,MD,10,47.01639086,52.50505259,4365243,9775
1984,Massachusetts,MA,13,48.43378267,51.22078251,5840773,7838
1984,Michigan,MI,20,40.23607594,59.22602717,9049452,56539
1984,Minnesota,MN,10,49.71884656,49.53841519,4157706,79617
1984,Mississippi,MS,7,37.42328159,61.88232119,2578051,46914
1984,Missouri,MO,11,39.97524933,60.02475067,4975278,68898
1984,Montana,MT,4,38.17658185,60.47448208,820905,145556
1984,Nebraska_full,NE_full,5,28.80982686,70.55069086,1588639,76878
1984,Nebraska_d1,NE_d1,0,28.80982686,70.55069086,1588639,76878
1984,Nebraska_d2,NE_d2,0,28.80982686,70.55069086,1588639,76878
1984,Nebraska_d3,NE_d3,0,28.80982686,70.55069086,1588639,76878
1984,Nevada,NV,4,32.41934514,66.76995016,924922,109806
1984,New Hampshire,NH,4,30.94516899,68.66733178,976864,8969
1984,New Jersey,NJ,16,39.19754794,60.09051973,7515473,7419
1984,New Mexico,NM,5,39.22643233,59.70429846,1416717,121365
1984,New York,NY,36,44.09238689,49.60501321,17745684,47224
1984,North Carolina,NC,13,37.89196368,61.89689895,6164006,48718
1984,North Dakota,ND,3,33.79896495,64.83974224,680497,68994
1984,Ohio,OH,23,40.00319948,58.69868635,10737746,40953
1984,Oklahoma,OK,8,30.66714662,68.61085184,3285533,68679
1984,Oregon,OR,7,43.73968123,55.90582189,2666588,96003
1984,Pennsylvania,PA,25,45.98917667,53.34106792,11815172,44820
1984,Rhode Island,RI,4,48.01736466,51.66520906,961894,1034
1984,South Carolina,SC,8,35.56517151,63.55400819,3271868,30111
1984,South Dakota,SD,3,36.52879978,63.0033945,697249,75898
1984,Tennessee,TN,11,41.57224942,57.83972248,4686737,41220
1984,Texas,TX,29,36.11394829,63.610613,16007086,261914
1984,Utah,UT,5,24.67521948,74.50179145,1622342,82168
1984,Vermont,VT,3,40.81241127,57.9230989,526660,9249
1984,Virginia,VA,12,37.09293848,62.28716107,5643870,39598
1984,Washington,WA,10,42.58081721,56.09175907,4343656,66582
1984,West Virginia,WV,6,44.59783457,55.11211811,1927697,24087
1984,Wisconsin,WI,11,45.02170061,54.19315283,4735563,54314
1984,Wyoming,WY,3,28.2428771,70.50982177,504896,97105
1988,Alabama,AL,9,39.86329831,59.16504894,4023844,50750
1988,Alaska,AK,3,36.27096284,59.59093726,541983,570641
1988,Arizona,AZ,7,38.74387412,59.95026765,3535183,113642
1988,Arkansas,AR,6,42.19173217,56.3678362,2342656,52075
1988,California,CA,47,47.55944256,51.12656789,28464249,155973
1988,Colorado,CO,8,45.28240432,53.05888834,3262281,103730
1988,Connecticut,CT,8,46.87451936,51.97756122,3271953,4845
1988,Delaware,DE,3,43.4777563,55.87996366,647622,1955
1988,District Of Columbia,DC,3,82.6469719,14.3044531,NA,NA
1988,Florida,FL,21,38.50721693,60.87155909,12306395,53997
1988,Georgia,GA,12,39.49842844,59.75287234,6316142,57919
1988,Hawaii,HI,4,54.26944008,44.75104454,1079828,6423
1988,Idaho,ID,4,36.01064142,62.07845113,985664,82751
1988,Illinois,IL,24,48.60455527,50.68826879,11390183,55593
1988,Indiana,IN,12,39.68618767,59.84277566,5491735,35870
1988,Iowa,IA,8,54.71192398,44.49647279,2768388,55875
1988,Kansas,KS,7,42.55964489,55.79299608,2461996,81823
1988,Kentucky,KY,9,43.88359469,55.52147912,3679999,39732
1988,Louisiana,LA,10,44.0645571,54.2747153,4288863,43566
1988,Maine_full,ME_full,2,43.88353888,55.3354293,1203840,30865
1988,Maine_d1,ME_d1,1,43,56,1203840,30865
1988,Maine_d2,ME_d2,1,45,55,1203840,30865
1988,Maryland,MD,10,48.19903427,51.10758663,4657904,9775
1988,Massachusetts,MA,13,53.22905149,45.37505873,5979982,7838
1988,Michigan,MI,20,45.67207835,53.56769378,9217998,56539
1988,Minnesota,MN,10,52.91283343,45.89572632,4296166,79617
1988,Mississippi,MS,7,39.06714459,59.88983679,2580352,46914
1988,Missouri,MO,11,47.85044916,51.83157305,5081736,68898
1988,Montana,MT,4,46.19852656,52.07151725,800202,145556
1988,Nebraska_full,NE_full,5,39.19103807,60.16282041,1571477,76878
1988,Nebraska_d1,NE_d1,0,39.19103807,60.16282041,1571477,76878
1988,Nebraska_d2,NE_d2,0,39.19103807,60.16282041,1571477,76878
1988,Nebraska_d3,NE_d3,0,39.19103807,60.16282041,1571477,76878
1988,Nevada,NV,4,38.6841254,60.04668744,1075022,109806
1988,New Hampshire,NH,4,36.33449864,62.49087176,1082577,8969
1988,New Jersey,NJ,16,42.59814238,56.24010946,7712333,7419
1988,New Mexico,NM,5,46.89357425,51.850353,1490337,121365
1988,New York,NY,36,50.19497561,43.76430362,17941309,47224
1988,North Carolina,NC,13,41.70631146,57.96829978,6480594,48718
1988,North Dakota,ND,3,42.97200104,56.03123181,655331,68994
1988,Ohio,OH,23,44.14684136,55.00175825,10798552,40953
1988,Oklahoma,OK,8,41.28165146,57.92879126,3167057,68679
1988,Oregon,OR,7,51.2781124,46.61136695,2741297,96003
1988,Pennsylvania,PA,25,48.3867405,50.70457962,11845752,44820
1988,Rhode Island,RI,4,55.63785459,43.93260871,996408,1034
1988,South Carolina,SC,8,37.58119855,61.50481385,3412096,30111
1988,South Dakota,SD,3,46.50612957,52.84976245,698165,75898
1988,Tennessee,TN,11,41.5458518,57.89048128,4822437,41220
1988,Texas,TX,29,43.34936922,55.95355796,16667022,261914
1988,Utah,UT,5,32.04643528,66.21896484,1689372,82168
1988,Vermont,VT,3,47.57980997,51.09605142,549763,9249
1988,Virginia,VA,12,39.23140487,59.73519912,6036909,39598
1988,Washington,WA,10,50.0476879,48.45642924,4639893,66582
1988,West Virginia,WV,6,52.19811085,47.46055095,1830215,24087
1988,Wisconsin,WI,11,51.41403025,47.79591058,4822388,54314
1988,Wyoming,WY,3,38.01337857,60.53038499,465101,97105
1992,Alabama,AL,9,40.8800635,47.6454036,4139269,50750
1992,Alaska,AK,3,30.28711132,39.45749809,587073,570641
1992,Arizona,AZ,8,36.5204526,38.47314178,3867333,113642
1992,Arkansas,AR,6,53.20795285,35.48339931,2394098,52075
1992,California,CA,54,46.00658784,32.61466938,30875920,155973
1992,Colorado,CO,8,40.12802865,35.86905263,3459995,103730
1992,Connecticut,CT,8,42.21857296,35.78324122,3274997,4845
1992,Delaware,DE,3,43.52392791,35.3266349,690158,1955
1992,District Of Columbia,DC,3,84.64090486,9.095143515,NA,NA
1992,Florida,FL,25,38.99012156,40.90249694,13504775,53997
1992,Georgia,GA,13,43.46868534,42.87785319,6759474,57919
1992,Hawaii,HI,4,48.09275779,36.69704593,1149926,6423
1992,Idaho,ID,4,28.41921205,42.0325898,1066490,82751
1992,Illinois,IL,22,48.57967782,34.33746713,11635197,55593
1992,Indiana,IN,12,36.79390564,42.90678013,5648649,35870
1992,Iowa,IA,7,43.28583862,37.27213871,2806923,55875
1992,Kansas,KS,6,33.73849414,38.8815246,2526042,81823
1992,Kentucky,KY,8,44.55114207,41.34088017,3756358,39732
1992,Louisiana,LA,9,45.58453914,40.97089581,4270849,43566
1992,Maine_full,ME_full,2,38.7667973,30.39062603,1235748,30865
1992,Maine_d1,ME_d1,1,40,32,1235748,30865
1992,Maine_d2,ME_d2,1,38,28,1235748,30865
1992,Maryland,MD,10,49.81260519,35.62940269,4902545,9775
1992,Massachusetts,MA,12,47.54141093,29.02438796,5993474,7838
1992,Michigan,MI,18,43.77368748,36.37564792,9470323,56539
1992,Minnesota,MN,10,43.48465128,31.85083315,4471503,79617
1992,Mississippi,MS,7,40.76806414,49.68389467,2610193,46914
1992,Missouri,MO,11,44.07168576,33.92168178,5193686,68898
1992,Montana,MT,3,37.63112452,35.12249655,822436,145556
1992,Nebraska_full,NE_full,2,29.40345416,46.59750036,1602406,76878
1992,Nebraska_d1,NE_d1,1,29,43,1602406,76878
1992,Nebraska_d2,NE_d2,1,32,48,1602406,76878
1992,Nebraska_d3,NE_d3,1,24,50,1602406,76878
1992,Nevada,NV,4,37.35755,34.72679225,1330694,109806
1992,New Hampshire,NH,4,38.91179509,37.69142708,1112766,8969
1992,New Jersey,NJ,15,42.95395912,40.58103346,7827770,7419
1992,New Mexico,NM,5,45.89884664,37.33846094,1580750,121365
1992,New York,NY,33,47.27630691,28.83974308,18082032,47224
1992,North Carolina,NC,14,42.6533683,43.44280874,6831850,48718
1992,North Dakota,ND,3,32.18350517,44.21597167,635427,68994
1992,Ohio,OH,21,40.18128056,38.34661244,11007609,40953
1992,Oklahoma,OK,8,34.0247375,42.64574833,3204174,68679
1992,Oregon,OR,7,42.47885506,32.52721272,2973934,96003
1992,Pennsylvania,PA,23,45.14616487,36.12721052,11980819,44820
1992,Rhode Island,RI,4,47.04796356,29.02760469,1000571,1034
1992,South Carolina,SC,8,42.76254117,46.99335673,3600576,30111
1992,South Dakota,SD,3,37.14097081,40.65914458,708698,75898
1992,Tennessee,TN,11,47.08479309,42.43336403,5013999,41220
1992,Texas,TX,32,37.07845833,40.56002111,17650479,261914
1992,Utah,UT,5,24.65450176,43.3646327,1821498,82168
1992,Vermont,VT,3,46.11375176,30.41825883,570115,9249
1992,Virginia,VA,13,40.5860744,44.95736635,6383315,39598
1992,Washington,WA,11,43.41022004,31.96560535,5139011,66582
1992,West Virginia,WV,5,48.41482162,35.39302916,1805462,24087
1992,Wisconsin,WI,11,41.13155574,36.77722096,5004636,54314
1992,Wyoming,WY,3,34.09977787,39.69652398,463491,97105
1996,Alabama,AL,9,43.1560877,50.12184321,4290403,50750
1996,Alaska,AK,3,33.26711365,50.80125817,604918,570641
1996,Arizona,AZ,8,46.51706595,44.2944165,4432308,113642
1996,Arkansas,AR,6,53.73644915,36.80085766,2504858,52075
1996,California,CA,54,51.09886562,38.20942008,31780829,155973
1996,Colorado,CO,8,44.42649841,45.79645754,3812716,103730
1996,Connecticut,CT,8,52.83158147,34.69080449,3267030,4845
1996,Delaware,DE,3,51.82784978,36.57988996,727090,1955
1996,District Of Columbia,DC,3,85.19001109,9.335795742,NA,NA
1996,Florida,FL,25,48.0255712,42.32454875,14426911,53997
1996,Georgia,GA,13,45.84146585,47.01568011,7332225,57919
1996,Hawaii,HI,4,56.92880151,31.64028657,1184434,6423
1996,Idaho,ID,4,33.64638985,52.18410814,1187706,82751
1996,Illinois,IL,22,54.31527783,36.80995298,11953003,55593
1996,Indiana,IN,12,41.55713765,47.14238016,5834908,35870
1996,Iowa,IA,7,50.26096469,39.9201021,2848473,55875
1996,Kansas,KS,6,36.0847994,54.29070092,2598266,81823
1996,Kentucky,KY,8,45.84217849,44.88222146,3881051,39732
1996,Louisiana,LA,9,52.00999575,39.94407943,4338763,43566
1996,Maine_full,ME_full,2,51.62395589,30.76067384,1241436,30865
1996,Maine_d1,ME_d1,1,52,32,1241436,30865
1996,Maine_d2,ME_d2,1,51,30,1241436,30865
1996,Maryland,MD,10,54.25477435,38.26949749,5057142,9775
1996,Massachusetts,MA,12,61.47209871,28.08799202,6085393,7838
1996,Michigan,MI,18,51.69482057,38.48459434,9739184,56539
1996,Minnesota,MN,10,51.10075658,34.95542971,4647723,79617
1996,Mississippi,MS,7,44.08110022,49.20675231,2709925,46914
1996,Missouri,MO,11,47.53957828,41.24138986,5367888,68898
1996,Montana,MT,3,41.25006448,44.13154074,876656,145556
1996,Nebraska_full,NE_full,2,34.95065802,53.65499731,1647657,76878
1996,Nebraska_d1,NE_d1,1,38,50,1647657,76878
1996,Nebraska_d2,NE_d2,1,38,53,1647657,76878
1996,Nebraska_d3,NE_d3,1,29,59,1647657,76878
1996,Nevada,NV,4,43.93349688,42.91471292,1596476,109806
1996,New Hampshire,NH,4,49.57057735,39.56648953,1160768,8969
1996,New Jersey,NJ,15,53.72029286,35.8631082,8009624,7419
1996,New Mexico,NM,5,49.18320224,41.85611987,1706151,121365
1996,New York,NY,33,56.67893903,27.00220791,18143805,47224
1996,North Carolina,NC,14,44.03553214,48.72941366,7307658,48718
1996,North Dakota,ND,3,40.12784757,46.93875253,642858,68994
1996,Ohio,OH,21,47.37574745,41.01687223,11187032,40953
1996,Oklahoma,OK,8,40.44913745,48.25629624,3289634,68679
1996,Oregon,OR,7,47.15197132,39.05992335,3195087,96003
1996,Pennsylvania,PA,23,49.22612477,40.01435583,12038008,44820
1996,Rhode Island,RI,4,59.71858848,26.82480583,987858,1034
1996,South Carolina,SC,8,44.00625292,49.84767628,3738974,30111
1996,South Dakota,SD,3,43.0271195,46.48885513,730699,75898
1996,Tennessee,TN,11,47.99871179,45.59039758,5313576,41220
1996,Texas,TX,32,43.83177194,48.75874165,19006240,261914
1996,Utah,UT,5,33.29677643,54.3712789,2022253,82168
1996,Vermont,VT,3,53.35443356,31.09007967,586352,9249
1996,Virginia,VA,13,45.14777116,47.10461872,6665491,39598
1996,Washington,WA,11,49.84047205,37.30136651,5509963,66582
1996,West Virginia,WV,5,51.5055958,36.75743449,1818983,24087
1996,Wisconsin,WI,11,48.81095216,38.47741226,5173828,54314
1996,Wyoming,WY,3,36.83586125,49.81211981,480085,97105
2000,Alabama,AL,9,41.56650295,56.48375535,4452173,50750
2000,Alaska,AK,3,27.66633982,58.62095532,627963,570641
2000,Arizona,AZ,8,44.73458502,51.02113816,5160586,113642
2000,Arkansas,AR,6,45.86425626,51.3071977,2678588,52075
2000,California,CA,54,53.44973683,41.65149681,33987977,155973
2000,Colorado,CO,8,42.39350901,50.75021477,4326921,103730
2000,Connecticut,CT,8,55.90962813,38.44360323,3411777,4845
2000,Delaware,DE,3,54.97772716,41.91628833,786373,1955
2000,District Of Columbia,DC,3,85.15508138,8.951727144,NA,NA
2000,Florida,FL,25,48.8378212,48.84682657,16047515,53997
2000,Georgia,GA,13,43.21099966,54.95956965,8227303,57919
2000,Hawaii,HI,4,55.79166791,37.4628687,1213519,6423
2000,Idaho,ID,4,27.63812884,67.17043948,1299430,82751
2000,Illinois,IL,22,54.59652121,42.58487997,12434161,55593
2000,Indiana,IN,12,41.01210293,56.6468816,6091866,35870
2000,Iowa,IA,7,47.19191558,46.88563822,2929067,55875
2000,Kansas,KS,6,37.23839226,58.04166325,2693681,81823
2000,Kentucky,KY,8,41.37818259,56.50648336,4049021,39732
2000,Louisiana,LA,9,44.87533245,52.55106317,4471885,43566
2000,Maine_full,ME_full,2,49.08601647,43.97185099,1277072,30865
2000,Maine_d1,ME_d1,1,51,43,1277072,30865
2000,Maine_d2,ME_d2,1,47,46,1277072,30865
2000,Maryland,MD,10,56.48830838,40.18478066,5311034,9775
2000,Massachusetts,MA,12,59.12612602,32.13290299,6361104,7838
2000,Michigan,MI,18,51.27979887,46.14621473,9952450,56539
2000,Minnesota,MN,10,47.90557206,45.50235065,4933692,79617
2000,Mississippi,MS,7,40.69810015,57.6195151,2848353,46914
2000,Missouri,MO,11,47.08427335,50.42281596,5607285,68898
2000,Montana,MT,3,33.36512679,58.43946022,903773,145556
2000,Nebraska_full,NE_full,2,33.25303901,62.24536203,1713820,76878
2000,Nebraska_d1,NE_d1,1,36,59,1713820,76878
2000,Nebraska_d2,NE_d2,1,39,57,1713820,76878
2000,Nebraska_d3,NE_d3,1,25,71,1713820,76878
2000,Nevada,NV,4,45.94126276,49.48508925,2018741,109806
2000,New Hampshire,NH,4,46.80317916,48.07030985,1239882,8969
2000,New Jersey,NJ,15,56.12560892,40.29124386,8430621,7419
2000,New Mexico,NM,5,47.90855405,47.8474119,1821204,121365
2000,New York,NY,33,56.63927048,32.44981656,19001780,47224
2000,North Carolina,NC,14,43.14567117,55.95775629,8081614,48718
2000,North Dakota,ND,3,33.0553397,60.65858126,642023,68994
2000,Ohio,OH,21,46.44042809,49.98647384,11363543,40953
2000,Oklahoma,OK,8,38.42690457,60.30785211,3454365,68679
2000,Oregon,OR,7,46.95994002,46.51892174,3429708,96003
2000,Pennsylvania,PA,23,50.60817131,46.43813293,12284173,44820
2000,Rhode Island,RI,4,60.98770019,31.91179921,1050268,1034
2000,South Carolina,SC,8,40.90152337,56.86038462,4024223,30111
2000,South Dakota,SD,3,37.56422539,60.29677268,755844,75898
2000,Tennessee,TN,11,47.28489472,51.14915318,5703719,41220
2000,Texas,TX,32,37.98195809,59.29859947,20944499,261914
2000,Utah,UT,5,26.34472218,66.83014295,2244502,82168
2000,Vermont,VT,3,50.63470922,40.6971608,609618,9249
2000,Virginia,VA,13,44.43561054,52.47372919,7105817,39598
2000,Washington,WA,11,50.15821532,44.57864795,5910512,66582
2000,West Virginia,WV,5,45.59266437,51.91521993,1807021,24087
2000,Wisconsin,WI,11,47.83281966,47.61316351,5373999,54314
2000,Wyoming,WY,3,28.29838204,69.22274314,494300,97105
2004,Alabama,AL,9,36.84440232,62.46068976,4530729,50750
2004,Alaska,AK,3,35.51686191,61.06532991,659286,570641
2004,Arizona,AZ,10,44.39683293,54.86943409,5652404,113642
2004,Arkansas,AR,6,44.54763045,54.30595908,2749686,52075
2004,California,CA,55,54.30555753,44.35769598,35574576,155973
2004,Colorado,CO,9,47.03784225,51.71109535,4575013,103730
2004,Connecticut,CT,7,54.31370897,43.94727791,3496094,4845
2004,Delaware,DE,3,53.3468376,45.75281857,830803,1955
2004,District Of Columbia,DC,3,89.18386896,9.339766066,NA,NA
2004,Florida,FL,27,47.09111003,52.09751623,17415318,53997
2004,Georgia,GA,15,41.37494605,57.97475677,8769252,57919
2004,Hawaii,HI,4,54.00955216,45.26459571,1273569,6423
2004,Idaho,ID,4,30.26491704,68.39094482,1391802,82751
2004,Illinois,IL,21,54.82316021,44.47862683,12589773,55593
2004,Indiana,IN,11,39.26297467,59.94476504,6233007,35870
2004,Iowa,IA,7,49.23313168,49.90065751,2953635,55875
2004,Kansas,KS,6,36.62309431,62.00398062,2734373,81823
2004,Kentucky,KY,8,39.68707298,59.54951383,4146101,39732
2004,Louisiana,LA,9,42.2158647,56.72202134,4552238,43566
2004,Maine_full,ME_full,2,53.57285569,44.57645744,1313688,30865
2004,Maine_d1,ME_d1,1,55,43,1313688,30865
2004,Maine_d2,ME_d2,1,52,46,1313688,30865
2004,Maryland,MD,10,55.97146761,42.97821778,5546935,9775
2004,Massachusetts,MA,12,61.6166602,36.58840187,6412281,7838
2004,Michigan,MI,17,51.23070673,47.81205856,10055315,56539
2004,Minnesota,MN,10,51.08968469,47.61353379,5087713,79617
2004,Mississippi,MS,6,40.16111259,59.01437415,2889010,46914
2004,Missouri,MO,11,46.10044652,53.29619194,5747741,68898
2004,Montana,MT,3,38.56502839,59.06814317,930009,145556
2004,Nebraska_full,NE_full,2,32.68216082,65.8986412,1749370,76878
2004,Nebraska_d1,NE_d1,1,36,63,1749370,76878
2004,Nebraska_d2,NE_d2,1,38,60,1749370,76878
2004,Nebraska_d3,NE_d3,1,24,75,1749370,76878
2004,Nevada,NV,5,47.87804052,50.46969155,2346222,109806
2004,New Hampshire,NH,4,50.20161082,48.83434298,1290121,8969
2004,New Jersey,NJ,15,52.92340901,46.23881168,8634561,7419
2004,New Mexico,NM,5,49.04667964,49.83842476,1903808,121365
2004,New York,NY,31,56.13058127,37.68652999,19171567,47224
2004,North Carolina,NC,15,43.58314622,56.01719734,8553152,48718
2004,North Dakota,ND,3,35.49881247,62.86133496,644705,68994
2004,Ohio,OH,20,48.70668524,50.81402434,11452251,40953
2004,Oklahoma,OK,7,34.42959834,65.57040166,3525233,68679
2004,Oregon,OR,7,51.34866304,47.19291674,3569463,96003
2004,Pennsylvania,PA,21,50.92380914,48.42366615,12410722,44820
2004,Rhode Island,RI,4,59.42342623,38.67143713,1074579,1034
2004,South Carolina,SC,8,40.90183594,57.98194968,4210921,30111
2004,South Dakota,SD,3,38.44364592,59.91113172,770396,75898
2004,Tennessee,TN,11,42.52529111,56.79908949,5910809,41220
2004,Texas,TX,34,38.22426046,61.08582277,22394023,261914
2004,Utah,UT,5,25.99564151,71.53594785,2401580,82168
2004,Vermont,VT,3,58.93746258,38.80131536,619920,9249
2004,Virginia,VA,13,45.5259176,53.73195657,7475575,39598
2004,Washington,WA,11,52.82114831,45.64028199,6178645,66582
2004,West Virginia,WV,5,43.2051411,56.07071787,1816438,24087
2004,Wisconsin,WI,10,49.69971708,49.31987146,5514026,54314
2004,Wyoming,WY,3,29.02309102,68.73956885,509106,97105
2008,Alabama,AL,9,38.74043429,60.31691303,4718206,50750
2008,Alaska,AK,3,37.8893736,59.42451954,687455,570641
2008,Arizona,AZ,10,45.11525087,53.63524782,6280362,113642
2008,Arkansas,AR,6,38.86465977,58.7159045,2874554,52075
2008,California,CA,55,61.01263835,36.95485883,36604337,155973
2008,Colorado,CO,9,53.66023684,44.70752211,4889730,103730
2008,Connecticut,CT,7,60.58882968,38.22146331,3545579,4845
2008,Delaware,DE,3,61.94266898,36.94703355,883874,1955
2008,District Of Columbia,DC,3,92.45710976,6.532557466,NA,NA
2008,Florida,FL,27,51.03330527,48.21531917,18527305,53997
2008,Georgia,GA,15,46.9901791,52.20451799,9504843,57919
2008,Hawaii,HI,4,71.45291012,26.43620194,1332213,6423
2008,Idaho,ID,4,36.09098763,61.51709147,1534320,82751
2008,Illinois,IL,21,61.91811452,36.78092254,12747038,55593
2008,Indiana,IN,11,49.94591164,48.91390718,6424806,35870
2008,Iowa,IA,7,53.92802007,44.39325936,3016734,55875
2008,Kansas,KS,6,41.65196719,56.61225434,2808076,81823
2008,Kentucky,KY,8,41.16811378,57.39902114,4289878,39732
2008,Louisiana,LA,9,39.9329138,58.56272131,4435586,43566
2008,Maine_full,ME_full,2,57.7057373,40.38401834,1330509,30865
2008,Maine_d1,ME_d1,1,61,38,1330509,30865
2008,Maine_d2,ME_d2,1,55,43,1330509,30865
2008,Maryland,MD,10,61.91934476,36.47451965,5684965,9775
2008,Massachusetts,MA,12,61.3631991,35.73495929,6468967,7838
2008,Michigan,MI,17,57.43324731,40.95970566,9946889,56539
2008,Minnesota,MN,10,54.0602927,43.82293104,5247018,79617
2008,Mississippi,MS,6,43.00155443,56.17618898,2947806,46914
2008,Missouri,MO,11,49.29264787,49.42607441,5923916,68898
2008,Montana,MT,3,47.26846477,49.53245094,976415,145556
2008,Nebraska_full,NE_full,2,41.59826578,56.53185337,1796378,76878
2008,Nebraska_d1,NE_d1,1,44,54,1796378,76878
2008,Nebraska_d2,NE_d2,1,50,49,1796378,76878
2008,Nebraska_d3,NE_d3,1,30,69,1796378,76878
2008,Nevada,NV,5,55.14667592,42.65411511,2653630,109806
2008,New Hampshire,NH,4,54.12689706,44.52142847,1315906,8969
2008,New Jersey,NJ,15,57.27213715,41.70393386,8711090,7419
2008,New Mexico,NM,5,56.90748026,41.77903483,2010662,121365
2008,New York,NY,31,60.15696154,31.31723711,19212436,47224
2008,North Carolina,NC,15,49.7036664,49.37479862,9309449,48718
2008,North Dakota,ND,3,44.62054001,53.25010028,657569,68994
2008,Ohio,OH,20,51.50427006,46.91057836,11515391,40953
2008,Oklahoma,OK,7,34.35491888,65.64508112,3668976,68679
2008,Oregon,OR,7,56.74880626,40.40098169,3768748,96003
2008,Pennsylvania,PA,21,54.48552801,44.16705248,12612285,44820
2008,Rhode Island,RI,4,62.86400461,35.05784647,1055003,1034
2008,South Carolina,SC,8,44.89656002,53.87364398,4528996,30111
2008,South Dakota,SD,3,44.74743111,53.15897637,799124,75898
2008,Tennessee,TN,11,41.82853806,56.89695428,6247411,41220
2008,Texas,TX,34,43.68312145,55.45236045,24309039,261914
2008,Utah,UT,5,34.40574567,62.58386971,2663029,82168
2008,Vermont,VT,3,67.4556832,30.44922872,624151,9249
2008,Virginia,VA,13,52.62946987,46.33050069,7833496,39598
2008,Washington,WA,11,57.65289221,40.47630494,6562231,66582
2008,West Virginia,WV,5,42.58975038,55.71034311,1840310,24087
2008,Wisconsin,WI,10,56.21778652,42.31366249,5640996,54314
2008,Wyoming,WY,3,32.50949377,64.7137746,546043,97105
2012,Alabama,AL,9,38.3590331,60.54582233,4815588,50750
2012,Alaska,AK,3,40.81265911,54.8015774,730443,570641
2012,Arizona,AZ,11,44.58976694,53.65453317,6554978,113642
2012,Arkansas,AR,6,36.8789903,60.56693608,2952164,52075
2012,California,CA,55,60.23895914,37.12037852,37948800,155973
2012,Colorado,CO,9,51.49222655,46.12709164,5192647,103730
2012,Connecticut,CT,7,58.08501326,40.74511425,3594547,4845
2012,Delaware,DE,3,58.61074198,39.98260407,915179,1955
2012,District Of Columbia,DC,3,90.91311393,7.278291418,NA,NA
2012,Florida,FL,29,50.00786507,49.13097776,19297822,53997
2012,Georgia,GA,16,45.50795967,53.32924218,9901430,57919
2012,Hawaii,HI,4,70.14793245,27.68214769,1394804,6423
2012,Idaho,ID,4,32.62233356,64.5297835,1595324,82751
2012,Illinois,IL,20,57.60213536,40.73274127,12882510,55593
2012,Indiana,IN,11,43.9273029,54.12553238,6537703,35870
2012,Iowa,IA,6,51.98801653,46.17786851,3076190,55875
2012,Kansas,KS,6,37.99457055,59.71132037,2885257,81823
2012,Kentucky,KY,8,37.80132783,60.4931416,4386346,39732
2012,Louisiana,LA,8,40.57746362,57.78457573,4600972,43566
2012,Maine_full,ME_full,2,55.37103419,40.32739204,1327729,30865
2012,Maine_d1,ME_d1,1,60,38,1327729,30865
2012,Maine_d2,ME_d2,1,53,44,1327729,30865
2012,Maryland,MD,10,61.97419078,35.89773234,5886992,9775
2012,Massachusetts,MA,11,60.33830832,37.31912232,6663005,7838
2012,Michigan,MI,16,54.20820421,44.71091603,9897145,56539
2012,Minnesota,MN,10,52.65230315,44.95820111,5376643,79617
2012,Mississippi,MS,6,43.78935954,55.28584674,2983816,46914
2012,Missouri,MO,10,44.38348355,53.76374114,6024367,68898
2012,Montana,MT,3,41.69813737,55.35153538,1003783,145556
2012,Nebraska_full,NE_full,2,38.02731442,59.80319218,1853303,76878
2012,Nebraska_d1,NE_d1,1,41,57,1853303,76878
2012,Nebraska_d2,NE_d2,1,46,53,1853303,76878
2012,Nebraska_d3,NE_d3,1,28,70,1853303,76878
2012,Nevada,NV,6,52.35624947,45.67531564,2743996,109806
2012,New Hampshire,NH,4,51.97968415,46.40379649,1324232,8969
2012,New Jersey,NJ,14,58.34235491,40.62356483,8844942,7419
2012,New Mexico,NM,5,52.99276052,42.84332664,2087309,121365
2012,New York,NY,29,60.76098417,31.24159733,19572932,47224
2012,North Carolina,NC,15,48.35096858,50.3930641,9749476,48718
2012,North Dakota,ND,3,38.69731089,58.31568256,701176,68994
2012,Ohio,OH,18,50.66674766,47.68844088,11548923,40953
2012,Oklahoma,OK,7,33.22768026,66.77231974,3818814,68679
2012,Oregon,OR,7,54.23932665,42.14987118,3899001,96003
2012,Pennsylvania,PA,20,52.0768577,46.68086603,12767118,44820
2012,Rhode Island,RI,4,62.70095886,35.24366157,1054621,1034
2012,South Carolina,SC,9,44.08803341,54.56113126,4717354,30111
2012,South Dakota,SD,3,39.86614076,57.88931188,833566,75898
2012,Tennessee,TN,11,39.07581499,59.47871472,6453898,41220
2012,Texas,TX,38,41.38335828,57.16697747,26084481,261914
2012,Utah,UT,6,24.74966583,72.7905331,2853375,82168
2012,Vermont,VT,3,66.5705503,30.97263524,626090,9249
2012,Virginia,VA,13,51.1564568,47.2831029,8185080,39598
2012,Washington,WA,12,56.1633983,41.29462143,6897058,66582
2012,West Virginia,WV,5,35.53930416,62.29584242,1856872,24087
2012,Wisconsin,WI,10,52.77616254,45.93834671,5719960,54314
2012,Wyoming,WY,3,27.63690612,68.19358519,576305,97105
2016,Alabama,AL,9,34.35794576,62.08309236,4863525,50750
2016,Alaska,AK,3,36.55087129,51.28151208,741456,570641
2016,Arizona,AZ,11,45.12602184,48.67161647,6941072,113642
2016,Arkansas,AR,6,33.65312413,60.57410216,2989918,52075
2016,California,CA,55,61.7263996,31.61710654,39167117,155973
2016,Colorado,CO,9,48.15698038,43.25139737,5539215,103730
2016,Connecticut,CT,7,54.5663011,40.92691438,3578141,4845
2016,Delaware,DE,3,53.35333681,41.92282434,948921,1955
2016,District Of Columbia,DC,3,90.48388387,4.070383108,NA,NA
2016,Florida,FL,29,47.82331581,49.02194142,20613477,53997
2016,Georgia,GA,16,45.63998336,50.77132605,10301890,57919
2016,Hawaii,HI,4,60.98079806,29.43970717,1427559,6423
2016,Idaho,ID,4,27.49201382,59.26143237,1682380,82751
2016,Illinois,IL,20,55.8253667,38.76175307,12820527,55593
2016,Indiana,IN,11,37.77483969,56.94003345,6634304,35870
2016,Iowa,IA,6,41.75251345,51.16206134,3131371,55875
2016,Kansas,KS,6,36.05237073,56.65458181,2910844,81823
2016,Kentucky,KY,8,32.68218833,62.51963855,4438182,39732
2016,Louisiana,LA,8,38.4495661,58.08868465,4678135,43566
2016,Maine_full,ME_full,2,46.3452141,43.47667808,1331317,30865
2016,Maine_d1,ME_d1,1,54,39,1331317,30865
2016,Maine_d2,ME_d2,1,41,51,1331317,30865
2016,Maryland,MD,10,60.32574424,33.90930473,6003323,9775
2016,Massachusetts,MA,11,59.0500651,32.28620279,6823608,7838
2016,Michigan,MI,16,47.27453095,47.49756422,9950571,56539
2016,Minnesota,MN,10,46.44503396,44.9251931,5522744,79617
2016,Mississippi,MS,6,40.11478827,57.94103809,2987938,46914
2016,Missouri,MO,10,38.13523084,56.77234784,6087135,68898
2016,Montana,MT,3,35.93521878,56.46619187,1040859,145556
2016,Nebraska_full,NE_full,2,33.69875638,58.74735113,1905616,76878
2016,Nebraska_d1,NE_d1,1,36,58,1905616,76878
2016,Nebraska_d2,NE_d2,1,46,48,1905616,76878
2016,Nebraska_d3,NE_d3,1,20,74,1905616,76878
2016,Nevada,NV,6,47.91782368,45.50069532,2917563,109806
2016,New Hampshire,NH,4,46.82626267,46.45866698,1342307,8969
2016,New Jersey,NJ,14,55.45308445,41.35038665,8870827,7419
2016,New Mexico,NM,5,48.25564718,40.04251433,2091630,121365
2016,New York,NY,29,56.1361426,32.39060231,19633428,47224
2016,North Carolina,NC,15,46.17286617,49.8280947,10154788,48718
2016,North Dakota,ND,3,27.22673946,62.95562783,754434,68994
2016,Ohio,OH,18,43.55807628,51.68765068,11634370,40953
2016,Oklahoma,OK,7,28.93168028,65.32286482,3926331,68679
2016,Oregon,OR,7,50.071852,39.09403518,4089976,96003
2016,Pennsylvania,PA,20,47.85361616,48.5778858,12782275,44820
2016,Rhode Island,RI,4,54.40660657,38.8980575,1056770,1034
2016,South Carolina,SC,9,40.67341979,54.93933269,4957968,30111
2016,South Dakota,SD,3,31.73742816,61.53075038,862996,75898
2016,Tennessee,TN,11,34.7163328,60.72203369,6646010,41220
2016,Texas,TX,38,43.23525798,52.23468558,27914410,261914
2016,Utah,UT,6,27.46126859,45.54081659,3041868,82168
2016,Vermont,VT,3,55.72274212,29.7593824,623657,9249
2016,Virginia,VA,13,49.75135283,44.42764701,8410106,39598
2016,Washington,WA,12,52.53868006,36.83268019,7294771,66582
2016,West Virginia,WV,5,26.47692802,68.63057481,1831023,24087
2016,Wisconsin,WI,10,46.45384137,47.21818457,5772628,54314
2016,Wyoming,WY,3,21.62890088,67.39841105,584215,97105
2020,Alabama,AL,9,36.56999021,62.03164317,5024279,50750
2020,Alaska,AK,3,42.77195227,52.83314327,733391,570641
2020,Arizona,AZ,11,49.36469061,49.05598103,7151502,113642
2020,Arkansas,AR,6,34.77506195,62.39572986,3011524,52075
2020,California,CA,55,63.48394689,34.32072363,39538223,155973
2020,Colorado,CO,9,55.01106714,41.60412563,5773714,103730
2020,Connecticut,CT,7,59.26073152,39.18711829,3605944,4845
2020,Delaware,DE,3,58.74300579,39.77487677,989948,1955
2020,District Of Columbia,DC,3,92.14969392,5.397321377,NA,NA
2020,Florida,FL,29,47.86145073,51.21981962,21538187,53997
2020,Georgia,GA,16,49.47305578,49.2374739,10711908,57919
2020,Hawaii,HI,4,63.14937977,33.95471417,1455271,6423
2020,Idaho,ID,4,33.06640215,63.83756483,1839106,82751
2020,Illinois,IL,20,57.54164538,40.55345082,12812508,55593
2020,Indiana,IN,11,40.96167706,57.02115777,6785528,35870
2020,Iowa,IA,6,44.64723286,52.80019763,3190369,55875
2020,Kansas,KS,6,41.55955354,56.21251283,2937880,81823
2020,Kentucky,KY,8,36.15151481,62.08657187,4505836,39732
2020,Louisiana,LA,8,39.8514568,58.46088241,4657757,43566
2020,Maine_full,ME_full,2,52.52557935,43.55122811,1362359,30865
2020,Maine_d1,ME_d1,1,60,37,1362359,30865
2020,Maine_d2,ME_d2,1,51,41,1362359,30865
2020,Maryland,MD,10,65.36066486,32.15029157,6177224,9775
2020,Massachusetts,MA,11,65.1229837,31.90815759,7029917,7838
2020,Michigan,MI,16,50.62081829,47.83729069,10077331,56539
2020,Minnesota,MN,10,52.39509931,45.28494241,5706494,79617
2020,Mississippi,MS,6,41.05760646,57.60295458,2961279,46914
2020,Missouri,MO,10,41.40878174,56.79965578,6154913,68898
2020,Montana,MT,3,40.54936936,56.91846924,1084225,145556
2020,Nebraska,NA,NA,39.16663094,58.22416333,NA,NA
2020,Nebraska_d1,NE_d1,1,41,56,1961504,76878
2020,Nebraska_d2,NE_d2,1,52,46,1961504,76878
2020,Nebraska_d3,NE_d3,1,22,75,1961504,76878
2020,Nevada,NV,6,50.05678196,47.66624732,3104614,109806
2020,New Hampshire,NH,4,52.70782528,45.3562595,1377529,8969
2020,New Jersey,NJ,14,57.33419675,41.39652386,9288994,7419
2020,New Mexico,NM,5,54.28928585,43.49666925,2117522,121365
2020,New York,NY,29,60.39188454,37.46129384,20201249,47224
2020,North Carolina,NC,15,48.58621178,49.93433249,10439388,48718
2020,North Dakota,ND,3,31.75676236,65.11404874,779094,68994
2020,Ohio,OH,18,45.23933834,53.2713001,11799448,40953
2020,Oklahoma,OK,7,32.28617434,65.37327185,3959353,68679
2020,Oregon,OR,7,56.45331865,40.36724605,4237256,96003
2020,Pennsylvania,PA,20,50.00849568,48.84361204,13002700,44820
2020,Rhode Island,RI,4,59.47619877,38.67038047,1097379,1034
2020,South Carolina,SC,9,43.4168385,55.09348092,5118425,30111
2020,South Dakota,SD,3,35.60525214,61.76938967,886667,75898
2020,Tennessee,TN,11,37.45143427,60.66029417,6910840,41220
2020,Texas,TX,38,46.47900991,52.0576036,29145505,261914
2020,Utah,UT,6,37.64604858,58.12983903,3271616,82168
2020,Vermont,VT,3,65.45578055,30.38105713,643077,9249
2020,Virginia,VA,13,54.10951718,43.99550367,8631393,39598
2020,Washington,WA,12,57.97030114,38.76697774,7705281,66582
2020,West Virginia,WV,5,29.69652124,68.63155192,1793716,24087
2020,Wisconsin,WI,10,49.44953686,48.82243732,5893718,54314
2020,Wyoming,WY,3,26.38786656,69.49978995,576851,97105