Year,Quarter,Gross.domestic.product,Gross.national.product,Disposable.personal.income,Personal.consumption.expenditures,Goods,Durable.goods,Nondurable.goods,Services,Population..midperiod..thousands.,month
1947,1,5082.666667,5115.666667,3437,3147,2943,279,3504,6019,143143,1
1947,1,5082.666667,5115.666667,3437,3147,2943,279,3504,6019,143143,2
1947,1,5082.666667,5115.666667,3437,3147,2943,279,3504,6019,143143,3
1947,2,5046.333333,5080.666667,3388.333333,3185,2982,284,3548,6079,143790,4
1947,2,5046.333333,5080.666667,3388.333333,3185,2982,284,3548,6079,143790,5
1947,2,5046.333333,5080.666667,3388.333333,3185,2982,284,3548,6079,143790,6
1947,3,5013,5047,3462.666667,3180.666667,2988,286,3548,6038,144449,7
1947,3,5013,5047,3462.666667,3180.666667,2988,286,3548,6038,144449,8
1947,3,5013,5047,3462.666667,3180.666667,2988,286,3548,6038,144449,9
1947,4,5068,5103.333333,3398.333333,3167,2986,303,3485,5979,145122,10
1947,4,5068,5103.333333,3398.333333,3167,2986,303,3485,5979,145122,11
1947,4,5068,5103.333333,3398.333333,3167,2986,303,3485,5979,145122,12
1948,1,5123.666667,5161.666667,3447.666667,3170,2978,301,3483,6019,145709,1
1948,1,5123.666667,5161.666667,3447.666667,3170,2978,301,3483,6019,145709,2
1948,1,5123.666667,5161.666667,3447.666667,3170,2978,301,3483,6019,145709,3
1948,2,5187.666667,5227,3540.333333,3194,2993,302,3503,6089,146289,4
1948,2,5187.666667,5227,3540.333333,3194,2993,302,3503,6089,146289,5
1948,2,5187.666667,5227,3540.333333,3194,2993,302,3503,6089,146289,6
1948,3,5195,5234.666667,3582.666667,3185,2977,305,3467,6095,146921,7
1948,3,5195,5234.666667,3582.666667,3185,2977,305,3467,6095,146921,8
1948,3,5195,5234.666667,3582.666667,3185,2977,305,3467,6095,146921,9
1948,4,5176.666667,5216,3586,3195.666667,2983,300,3496,6128,147607,10
1948,4,5176.666667,5216,3586,3195.666667,2983,300,3496,6128,147607,11
1948,4,5176.666667,5216,3586,3195.666667,2983,300,3496,6128,147607,12
1949,1,5083.333333,5121,3500,3186.666667,2966,293,3494,6140,148254,1
1949,1,5083.333333,5121,3500,3186.666667,2966,293,3494,6140,148254,2
1949,1,5083.333333,5121,3500,3186.666667,2966,293,3494,6140,148254,3
1949,2,5045.666667,5082.333333,3503.333333,3222.666667,3019,317,3490,6146,148847,4
1949,2,5045.666667,5082.333333,3503.333333,3222.666667,3019,317,3490,6146,148847,5
1949,2,5045.666667,5082.333333,3503.333333,3222.666667,3019,317,3490,6146,148847,6
1949,3,5076,5111.666667,3511,3216.333333,3021,331,3444,6107,149485,7
1949,3,5076,5111.666667,3511,3216.333333,3021,331,3444,6107,149485,8
1949,3,5076,5111.666667,3511,3216.333333,3021,331,3444,6107,149485,9
1949,4,5010.666667,5043.666667,3515,3248.666667,3075,342,3485,6097,150167,10
1949,4,5010.666667,5043.666667,3515,3248.666667,3075,342,3485,6097,150167,11
1949,4,5010.666667,5043.666667,3515,3248.666667,3075,342,3485,6097,150167,12
1950,1,5186.333333,5221,3770.666667,3289,3122,354,3515,6148,150786,1
1950,1,5186.333333,5221,3770.666667,3289,3122,354,3515,6148,150786,2
1950,1,5186.333333,5221,3770.666667,3289,3122,354,3515,6148,150786,3
1950,2,5325.666667,5362,3746.333333,3331.333333,3144,356,3543,6281,151319,4
1950,2,5325.666667,5362,3746.333333,3331.333333,3144,356,3543,6281,151319,5
1950,2,5325.666667,5362,3746.333333,3331.333333,3144,356,3543,6281,151319,6
1950,3,5508,5549.666667,3777,3487.666667,3365,438,3589,6351,151973,7
1950,3,5508,5549.666667,3777,3487.666667,3365,438,3589,6351,151973,8
1950,3,5508,5549.666667,3777,3487.666667,3365,438,3589,6351,151973,9
1950,4,5588,5629.666667,3783,3367.333333,3173,382,3493,6363,152658,10
1950,4,5588,5629.666667,3783,3367.333333,3173,382,3493,6363,152658,11
1950,4,5588,5629.666667,3783,3367.333333,3173,382,3493,6363,152658,12
1951,1,5640.666667,5680.666667,3771,3434.333333,3230,393,3543,6510,153291,1
1951,1,5640.666667,5680.666667,3771,3434.333333,3230,393,3543,6510,153291,2
1951,1,5640.666667,5680.666667,3771,3434.333333,3230,393,3543,6510,153291,3
1951,2,5715.666667,5761.333333,3839.666667,3324,3053,335,3477,6529,153902,4
1951,2,5715.666667,5761.333333,3839.666667,3324,3053,335,3477,6529,153902,5
1951,2,5715.666667,5761.333333,3839.666667,3324,3053,335,3477,6529,153902,6
1951,3,5806.666667,5853.666667,3865.666667,3347.333333,3073,327,3534,6580,154610,7
1951,3,5806.666667,5853.666667,3865.666667,3347.333333,3073,327,3534,6580,154610,8
1951,3,5806.666667,5853.666667,3865.666667,3347.333333,3073,327,3534,6580,154610,9
1951,4,5791.666667,5841,3840.666667,3351,3083,325,3559,6565,155344,10
1951,4,5791.666667,5841,3840.666667,3351,3083,325,3559,6565,155344,11
1951,4,5791.666667,5841,3840.666667,3351,3083,325,3559,6565,155344,12
1952,1,5830,5876.666667,3823.333333,3345,3056,325,3515,6621,155976,1
1952,1,5830,5876.666667,3823.333333,3345,3056,325,3515,6621,155976,2
1952,1,5830,5876.666667,3823.333333,3345,3056,325,3515,6621,155976,3
1952,2,5819.666667,5866.333333,3856.666667,3397.333333,3112,330,3583,6697,156587,4
1952,2,5819.666667,5866.333333,3856.666667,3397.333333,3112,330,3583,6697,156587,5
1952,2,5819.666667,5866.333333,3856.666667,3397.333333,3112,330,3583,6697,156587,6
1952,3,5836.333333,5882.333333,3917.666667,3399,3095,309,3630,6756,157267,7
1952,3,5836.333333,5882.333333,3917.666667,3399,3095,309,3630,6756,157267,8
1952,3,5836.333333,5882.333333,3917.666667,3399,3095,309,3630,6756,157267,9
1952,4,6000.333333,6046,3983.333333,3502.666667,3237,361,3666,6820,157986,10
1952,4,6000.333333,6046,3983.333333,3502.666667,3237,361,3666,6820,157986,11
1952,4,6000.333333,6046,3983.333333,3502.666667,3237,361,3666,6820,157986,12
1953,1,6089.333333,6134.333333,4015.666667,3530.666667,3268,372,3675,6861,158574,1
1953,1,6089.333333,6134.333333,4015.666667,3530.666667,3268,372,3675,6861,158574,2
1953,1,6089.333333,6134.333333,4015.666667,3530.666667,3268,372,3675,6861,158574,3
1953,2,6113.666667,6160.666667,4053,3539,3262,368,3679,6917,159160,4
1953,2,6113.666667,6160.666667,4053,3539,3262,368,3679,6917,159160,5
1953,2,6113.666667,6160.666667,4053,3539,3262,368,3679,6917,159160,6
1953,3,6051.666667,6094.333333,4015,3514.333333,3220,364,3628,6927,159889,7
1953,3,6051.666667,6094.333333,4015,3514.333333,3220,364,3628,6927,159889,8
1953,3,6051.666667,6094.333333,4015,3514.333333,3220,364,3628,6927,159889,9
1953,4,5932.333333,5974.666667,3983,3474.666667,3185,352,3617,6843,160639,10
1953,4,5932.333333,5974.666667,3983,3474.666667,3185,352,3617,6843,160639,11
1953,4,5932.333333,5974.666667,3983,3474.666667,3185,352,3617,6843,160639,12
1954,1,5878.666667,5923.666667,3986,3472.333333,3170,340,3636,6877,161328,1
1954,1,5878.666667,5923.666667,3986,3472.333333,3170,340,3636,6877,161328,2
1954,1,5878.666667,5923.666667,3986,3472.333333,3170,340,3636,6877,161328,3
1954,2,5861.333333,5905.666667,3973.666667,3503.333333,3188,355,3612,6967,161983,4
1954,2,5861.333333,5905.666667,3973.666667,3503.333333,3188,355,3612,6967,161983,5
1954,2,5861.333333,5905.666667,3973.666667,3503.333333,3188,355,3612,6967,161983,6
1954,3,5900.333333,5945,3997.333333,3534.333333,3207,355,3640,7055,162731,7
1954,3,5900.333333,5945,3997.333333,3534.333333,3207,355,3640,7055,162731,8
1954,3,5900.333333,5945,3997.333333,3534.333333,3207,355,3640,7055,162731,9
1954,4,5986.666667,6035.666667,4054.333333,3591,3280,375,3684,7106,163524,10
1954,4,5986.666667,6035.666667,4054.333333,3591,3280,375,3684,7106,163524,11
1954,4,5986.666667,6035.666667,4054.333333,3591,3280,375,3684,7106,163524,12
1955,1,6132,6182.333333,4103,3656.333333,3367,407,3707,7159,164204,1
1955,1,6132,6182.333333,4103,3656.333333,3367,407,3707,7159,164204,2
1955,1,6132,6182.333333,4103,3656.333333,3367,407,3707,7159,164204,3
1955,2,6207,6256.333333,4177,3711.666667,3448,427,3760,7182,164864,4
1955,2,6207,6256.333333,4177,3711.666667,3448,427,3760,7182,164864,5
1955,2,6207,6256.333333,4177,3711.666667,3448,427,3760,7182,164864,6
1955,3,6262.333333,6312,4235,3740.333333,3480,439,3768,7223,165612,7
1955,3,6262.333333,6312,4235,3740.333333,3480,439,3768,7223,165612,8
1955,3,6262.333333,6312,4235,3740.333333,3480,439,3768,7223,165612,9
1955,4,6269.333333,6320,4263.666667,3769,3488,426,3826,7331,166419,10
1955,4,6269.333333,6320,4263.666667,3769,3488,426,3826,7331,166419,11
1955,4,6269.333333,6320,4263.666667,3769,3488,426,3826,7331,166419,12
1956,1,6219.333333,6274,4288.666667,3759.666667,3458,404,3853,7371,167109,1
1956,1,6219.333333,6274,4288.666667,3759.666667,3458,404,3853,7371,167109,2
1956,1,6219.333333,6274,4288.666667,3759.666667,3458,404,3853,7371,167109,3
1956,2,6245.333333,6299.333333,4312,3757,3439,403,3828,7412,167788,4
1956,2,6245.333333,6299.333333,4312,3757,3439,403,3828,7412,167788,5
1956,2,6245.333333,6299.333333,4312,3757,3439,403,3828,7412,167788,6
1956,3,6210.666667,6265.666667,4314,3748,3409,394,3813,7455,168573,7
1956,3,6210.666667,6265.666667,4314,3748,3409,394,3813,7455,168573,8
1956,3,6210.666667,6265.666667,4314,3748,3409,394,3813,7455,168573,9
1956,4,6281.666667,6331,4359,3780.666667,3440,405,3824,7515,169416,10
1956,4,6281.666667,6331,4359,3780.666667,3440,405,3824,7515,169416,11
1956,4,6281.666667,6331,4359,3780.666667,3440,405,3824,7515,169416,12
1957,1,6293.666667,6349.666667,4353.333333,3790,3457,411,3830,7511,170172,1
1957,1,6293.666667,6349.666667,4353.333333,3790,3457,411,3830,7511,170172,2
1957,1,6293.666667,6349.666667,4353.333333,3790,3457,411,3830,7511,170172,3
1957,2,6254.333333,6313.333333,4366,3781,3431,399,3829,7545,170869,4
1957,2,6254.333333,6313.333333,4366,3781,3431,399,3829,7545,170869,5
1957,2,6254.333333,6313.333333,4366,3781,3431,399,3829,7545,170869,6
1957,3,6287.333333,6344.333333,4368.666667,3794,3444,395,3865,7565,171638,7
1957,3,6287.333333,6344.333333,4368.666667,3794,3444,395,3865,7565,171638,8
1957,3,6287.333333,6344.333333,4368.666667,3794,3444,395,3865,7565,171638,9
1957,4,6194,6241.333333,4319.666667,3778.333333,3401,388,3822,7613,172417,10
1957,4,6194,6241.333333,4319.666667,3778.333333,3401,388,3822,7613,172417,11
1957,4,6194,6241.333333,4319.666667,3778.333333,3401,388,3822,7613,172417,12
1958,1,6010.666667,6058.333333,4265.666667,3712,3308,361,3774,7573,173064,1
1958,1,6010.666667,6058.333333,4265.666667,3712,3308,361,3774,7573,173064,2
1958,1,6010.666667,6058.333333,4265.666667,3712,3308,361,3774,7573,173064,3
1958,2,6027,6075.333333,4278.666667,3728.333333,3305,354,3793,7655,173729,4
1958,2,6027,6075.333333,4278.666667,3728.333333,3305,354,3793,7655,173729,5
1958,2,6027,6075.333333,4278.666667,3728.333333,3305,354,3793,7655,173729,6
1958,3,6139.666667,6186.666667,4354,3774,3353,360,3846,7727,174483,7
1958,3,6139.666667,6186.666667,4354,3774,3353,360,3846,7727,174483,8
1958,3,6139.666667,6186.666667,4354,3774,3353,360,3846,7727,174483,9
1958,4,6254.666667,6301,4400.333333,3807.666667,3402,372,3881,7744,175288,10
1958,4,6254.666667,6301,4400.333333,3807.666667,3402,372,3881,7744,175288,11
1958,4,6254.666667,6301,4400.333333,3807.666667,3402,372,3881,7744,175288,12
1959,1,6347,6393.333333,4407,3860.666667,3466,390,3914,7807,176045,1
1959,1,6347,6393.333333,4407,3860.666667,3466,390,3914,7807,176045,2
1959,1,6347,6393.333333,4407,3860.666667,3466,390,3914,7807,176045,3
1959,2,6465,6511.333333,4460.666667,3905.333333,3507,403,3932,7893,176727,4
1959,2,6465,6511.333333,4460.666667,3905.333333,3507,403,3932,7893,176727,5
1959,2,6465,6511.333333,4460.666667,3905.333333,3507,403,3932,7893,176727,6
1959,3,6442,6491,4435.666667,3929.333333,3520,409,3930,7966,177481,7
1959,3,6442,6491,4435.666667,3929.333333,3520,409,3930,7966,177481,8
1959,3,6442,6491,4435.666667,3929.333333,3520,409,3930,7966,177481,9
1959,4,6432,6483,4447.666667,3916.333333,3476,388,3937,8027,178268,10
1959,4,6432,6483,4447.666667,3916.333333,3476,388,3937,8027,178268,11
1959,4,6432,6483,4447.666667,3916.333333,3476,388,3937,8027,178268,12
1960,1,6538,6587.333333,4472.666667,3930.666667,3490,398,3923,8052,179319,1
1960,1,6538,6587.333333,4472.666667,3930.666667,3490,398,3923,8052,179319,2
1960,1,6538,6587.333333,4472.666667,3930.666667,3490,398,3923,8052,179319,3
1960,2,6464,6514,4474.666667,3956.333333,3518,405,3943,8092,180401,4
1960,2,6464,6514,4474.666667,3956.333333,3518,405,3943,8092,180401,5
1960,2,6464,6514,4474.666667,3956.333333,3518,405,3943,8092,180401,6
1960,3,6463.333333,6514.666667,4460.666667,3921,3478,399,3900,8042,181301,7
1960,3,6463.333333,6514.666667,4460.666667,3921,3478,399,3900,8042,181301,8
1960,3,6463.333333,6514.666667,4460.666667,3921,3478,399,3900,8042,181301,9
1960,4,6355,6408.666667,4441.333333,3910.666667,3443,388,3887,8088,182019,10
1960,4,6355,6408.666667,4441.333333,3910.666667,3443,388,3887,8088,182019,11
1960,4,6355,6408.666667,4441.333333,3910.666667,3443,388,3887,8088,182019,12
1961,1,6376.666667,6432.333333,4468.333333,3896,3399,365,3897,8140,182634,1
1961,1,6376.666667,6432.333333,4468.333333,3896,3399,365,3897,8140,182634,2
1961,1,6376.666667,6432.333333,4468.333333,3896,3399,365,3897,8140,182634,3
1961,2,6460,6513.333333,4518.666667,3938.666667,3438,372,3934,8227,183337,4
1961,2,6460,6513.333333,4518.666667,3938.666667,3438,372,3934,8227,183337,5
1961,2,6460,6513.333333,4518.666667,3938.666667,3438,372,3934,8227,183337,6
1961,3,6556.666667,6611,4559.666667,3941.333333,3445,379,3921,8218,184103,7
1961,3,6556.666667,6611,4559.666667,3941.333333,3445,379,3921,8218,184103,8
1961,3,6556.666667,6611,4559.666667,3941.333333,3445,379,3921,8218,184103,9
1961,4,6656.666667,6712,4628.666667,4003.666667,3507,396,3957,8328,184894,10
1961,4,6656.666667,6712,4628.666667,4003.666667,3507,396,3957,8328,184894,11
1961,4,6656.666667,6712,4628.666667,4003.666667,3507,396,3957,8328,184894,12
1962,1,6751.333333,6806.333333,4657.666667,4031.666667,3536,403,3976,8376,185553,1
1962,1,6751.333333,6806.333333,4657.666667,4031.666667,3536,403,3976,8376,185553,2
1962,1,6751.333333,6806.333333,4657.666667,4031.666667,3536,403,3976,8376,185553,3
1962,2,6788.666667,6848,4691.666667,4067,3558,412,3978,8472,186203,4
1962,2,6788.666667,6848,4691.666667,4067,3558,412,3978,8472,186203,5
1962,2,6788.666667,6848,4691.666667,4067,3558,412,3978,8472,186203,6
1962,3,6845.333333,6905,4698.666667,4084,3571,414,3993,8511,186926,7
1962,3,6845.333333,6905,4698.666667,4084,3571,414,3993,8511,186926,8
1962,3,6845.333333,6905,4698.666667,4084,3571,414,3993,8511,186926,9
1962,4,6840.333333,6907,4721.333333,4125,3613,430,3999,8583,187680,10
1962,4,6840.333333,6907,4721.333333,4125,3613,430,3999,8583,187680,11
1962,4,6840.333333,6907,4721.333333,4125,3613,430,3999,8583,187680,12
1963,1,6892.333333,6956.333333,4746.666667,4140.333333,3634,437,4008,8593,188299,1
1963,1,6892.333333,6956.333333,4746.666667,4140.333333,3634,437,4008,8593,188299,2
1963,1,6892.333333,6956.333333,4746.666667,4140.333333,3634,437,4008,8593,188299,3
1963,2,6947.333333,7009.333333,4775,4166,3653,445,4009,8657,188906,4
1963,2,6947.333333,7009.333333,4775,4166,3653,445,4009,8657,188906,5
1963,2,6947.333333,7009.333333,4775,4166,3653,445,4009,8657,188906,6
1963,3,7073,7136,4808.666667,4206.333333,3675,449,4030,8774,189631,7
1963,3,7073,7136,4808.666667,4206.333333,3675,449,4030,8774,189631,8
1963,3,7073,7136,4808.666667,4206.333333,3675,449,4030,8774,189631,9
1963,4,7092,7156.333333,4868.333333,4225,3673,454,4010,8860,190362,10
1963,4,7092,7156.333333,4868.333333,4225,3673,454,4010,8860,190362,11
1963,4,7092,7156.333333,4868.333333,4225,3673,454,4010,8860,190362,12
1964,1,7219,7288.333333,4948,4294.666667,3747,470,4066,8973,190954,1
1964,1,7219,7288.333333,4948,4294.666667,3747,470,4066,8973,190954,2
1964,1,7219,7288.333333,4948,4294.666667,3747,470,4066,8973,190954,3
1964,2,7274.666667,7341.333333,5065.333333,4356.666667,3814,481,4130,9070,191560,4
1964,2,7274.666667,7341.333333,5065.333333,4356.666667,3814,481,4130,9070,191560,5
1964,2,7274.666667,7341.333333,5065.333333,4356.666667,3814,481,4130,9070,191560,6
1964,3,7361.666667,7430,5113,4421,3888,495,4195,9157,192256,7
1964,3,7361.666667,7430,5113,4421,3888,495,4195,9157,192256,8
1964,3,7361.666667,7430,5113,4421,3888,495,4195,9157,192256,9
1964,4,7358.333333,7422.333333,5153,4418,3846,478,4189,9251,192938,10
1964,4,7358.333333,7422.333333,5153,4418,3846,478,4189,9251,192938,11
1964,4,7358.333333,7422.333333,5153,4418,3846,478,4189,9251,192938,12
1965,1,7515.666667,7587.333333,5199.333333,4504.333333,3961,521,4217,9332,193467,1
1965,1,7515.666667,7587.333333,5199.333333,4504.333333,3961,521,4217,9332,193467,2
1965,1,7515.666667,7587.333333,5199.333333,4504.333333,3961,521,4217,9332,193467,3
1965,2,7590,7663.333333,5243.666667,4541.666667,3979,521,4246,9447,193994,4
1965,2,7590,7663.333333,5243.666667,4541.666667,3979,521,4246,9447,193994,5
1965,2,7590,7663.333333,5243.666667,4541.666667,3979,521,4246,9447,193994,6
1965,3,7732.666667,7802,5369,4604,4046,537,4295,9544,194647,7
1965,3,7732.666667,7802,5369,4604,4046,537,4295,9544,194647,8
1965,3,7732.666667,7802,5369,4604,4046,537,4295,9544,194647,9
1965,4,7885.333333,7949.333333,5459.333333,4718.333333,4189,558,4440,9674,195279,10
1965,4,7885.333333,7949.333333,5459.333333,4718.333333,4189,558,4440,9674,195279,11
1965,4,7885.333333,7949.333333,5459.333333,4718.333333,4189,558,4440,9674,195279,12
1966,1,8057.333333,8123.333333,5499.666667,4776,4257,583,4461,9751,195763,1
1966,1,8057.333333,8123.333333,5499.666667,4776,4257,583,4461,9751,195763,2
1966,1,8057.333333,8123.333333,5499.666667,4776,4257,583,4461,9751,195763,3
1966,2,8063.666667,8129.333333,5500,4775.666667,4225,558,4492,9831,196277,4
1966,2,8063.666667,8129.333333,5500,4775.666667,4225,558,4492,9831,196277,5
1966,2,8063.666667,8129.333333,5500,4775.666667,4225,558,4492,9831,196277,6
1966,3,8107,8171.666667,5550,4815.666667,4272,575,4510,9881,196877,7
1966,3,8107,8171.666667,5550,4815.666667,4272,575,4510,9881,196877,8
1966,3,8107,8171.666667,5550,4815.666667,4272,575,4510,9881,196877,9
1966,4,8148.666667,8215.333333,5598,4820.666667,4250,573,4484,9959,197481,10
1966,4,8148.666667,8215.333333,5598,4820.666667,4250,573,4484,9959,197481,11
1966,4,8148.666667,8215.333333,5598,4820.666667,4250,573,4484,9959,197481,12
1967,1,8200.666667,8266.666667,5668.333333,4836.666667,4251,560,4523,10025,197967,1
1967,1,8200.666667,8266.666667,5668.333333,4836.666667,4251,560,4523,10025,197967,2
1967,1,8200.666667,8266.666667,5668.333333,4836.666667,4251,560,4523,10025,197967,3
1967,2,8185.333333,8250,5699.333333,4890.666667,4314,583,4546,10098,198455,4
1967,2,8185.333333,8250,5699.333333,4890.666667,4314,583,4546,10098,198455,5
1967,2,8185.333333,8250,5699.333333,4890.666667,4314,583,4546,10098,198455,6
1967,3,8239.666667,8309.666667,5737.333333,4902,4290,577,4529,10207,199012,7
1967,3,8239.666667,8309.666667,5737.333333,4902,4290,577,4529,10207,199012,8
1967,3,8239.666667,8309.666667,5737.333333,4902,4290,577,4529,10207,199012,9
1967,4,8278.666667,8346.666667,5763,4918.333333,4294,577,4536,10263,199572,10
1967,4,8278.666667,8346.666667,5763,4918.333333,4294,577,4536,10263,199572,11
1967,4,8278.666667,8346.666667,5763,4918.333333,4294,577,4536,10263,199572,12
1968,1,8429.333333,8499,5846.666667,5025.333333,4422,611,4616,10404,199995,1
1968,1,8429.333333,8499,5846.666667,5025.333333,4422,611,4616,10404,199995,2
1968,1,8429.333333,8499,5846.666667,5025.333333,4422,611,4616,10404,199995,3
1968,2,8550.666667,8621.666667,5929.333333,5090.333333,4478,623,4662,10541,200452,4
1968,2,8550.666667,8621.666667,5929.333333,5090.333333,4478,623,4662,10541,200452,5
1968,2,8550.666667,8621.666667,5929.333333,5090.333333,4478,623,4662,10541,200452,6
1968,3,8593.666667,8666,5932.333333,5171.666667,4575,649,4723,10647,200997,7
1968,3,8593.666667,8666,5932.333333,5171.666667,4575,649,4723,10647,200997,8
1968,3,8593.666667,8666,5932.333333,5171.666667,4575,649,4723,10647,200997,9
1968,4,8604.333333,8676,5962,5181,4555,643,4712,10735,201538,10
1968,4,8604.333333,8676,5962,5181,4555,643,4712,10735,201538,11
1968,4,8604.333333,8676,5962,5181,4555,643,4712,10735,201538,12
1969,1,8720.666667,8793,5964.666667,5227.666667,4607,654,4754,10806,201955,1
1969,1,8720.666667,8793,5964.666667,5227.666667,4607,654,4754,10806,201955,2
1969,1,8720.666667,8793,5964.666667,5227.666667,4607,654,4754,10806,201955,3
1969,2,8727,8797,6009.333333,5249.333333,4599,651,4754,10915,202419,4
1969,2,8727,8797,6009.333333,5249.333333,4599,651,4754,10915,202419,5
1969,2,8727,8797,6009.333333,5249.333333,4599,651,4754,10915,202419,6
1969,3,8760.333333,8827.333333,6114.666667,5260,4595,647,4758,10972,202986,7
1969,3,8760.333333,8827.333333,6114.666667,5260,4595,647,4758,10972,202986,8
1969,3,8760.333333,8827.333333,6114.666667,5260,4595,647,4758,10972,202986,9
1969,4,8692,8758.666667,6143.333333,5286.666667,4598,643,4776,11076,203584,10
1969,4,8692,8758.666667,6143.333333,5286.666667,4598,643,4776,11076,203584,11
1969,4,8692,8758.666667,6143.333333,5286.666667,4598,643,4776,11076,203584,12
1970,1,8657.666667,8725.666667,6192.333333,5306.333333,4594,632,4805,11168,204086,1
1970,1,8657.666667,8725.666667,6192.333333,5306.333333,4594,632,4805,11168,204086,2
1970,1,8657.666667,8725.666667,6192.333333,5306.333333,4594,632,4805,11168,204086,3
1970,2,8643,8712.666667,6249.333333,5314,4593,637,4787,11202,204721,4
1970,2,8643,8712.666667,6249.333333,5314,4593,637,4787,11202,204721,5
1970,2,8643,8712.666667,6249.333333,5314,4593,637,4787,11202,204721,6
1970,3,8693,8762,6327.666667,5342.333333,4605,637,4805,11290,205419,7
1970,3,8693,8762,6327.666667,5342.333333,4605,637,4805,11290,205419,8
1970,3,8693,8762,6327.666667,5342.333333,4605,637,4805,11290,205419,9
1970,4,8570,8634,6290.666667,5309.333333,4540,593,4844,11309,206130,10
1970,4,8570,8634,6290.666667,5309.333333,4540,593,4844,11309,206130,11
1970,4,8570,8634,6290.666667,5309.333333,4540,593,4844,11309,206130,12
1971,1,8776,8849.333333,6396.666667,5394.666667,4671,654,4849,11352,206763,1
1971,1,8776,8849.333333,6396.666667,5394.666667,4671,654,4849,11352,206763,2
1971,1,8776,8849.333333,6396.666667,5394.666667,4671,654,4849,11352,206763,3
1971,2,8798,8874.666667,6471,5428.666667,4696,667,4846,11434,207362,4
1971,2,8798,8874.666667,6471,5428.666667,4696,667,4846,11434,207362,5
1971,2,8798,8874.666667,6471,5428.666667,4696,667,4846,11434,207362,6
1971,3,8843,8913.333333,6485,5455,4712,683,4822,11507,208000,7
1971,3,8843,8913.333333,6485,5455,4712,683,4822,11507,208000,8
1971,3,8843,8913.333333,6485,5455,4712,683,4822,11507,208000,9
1971,4,8836.666667,8910,6540.333333,5528.333333,4780,710,4840,11651,208642,10
1971,4,8836.666667,8910,6540.333333,5528.333333,4780,710,4840,11651,208642,11
1971,4,8836.666667,8910,6540.333333,5528.333333,4780,710,4840,11651,208642,12
1972,1,8977.333333,9053.333333,6554.666667,5588,4813,724,4844,11818,209142,1
1972,1,8977.333333,9053.333333,6554.666667,5588,4813,724,4844,11818,209142,2
1972,1,8977.333333,9053.333333,6554.666667,5588,4813,724,4844,11818,209142,3
1972,2,9159.333333,9234.666667,6607,5681,4928,741,4963,11933,209637,4
1972,2,9159.333333,9234.666667,6607,5681,4928,741,4963,11933,209637,5
1972,2,9159.333333,9234.666667,6607,5681,4928,741,4963,11933,209637,6
1972,3,9222,9302.333333,6718,5753.666667,5001,758,5018,12063,210181,7
1972,3,9222,9302.333333,6718,5753.666667,5001,758,5018,12063,210181,8
1972,3,9222,9302.333333,6718,5753.666667,5001,758,5018,12063,210181,9
1972,4,9351.666667,9431.666667,6969,5873,5134,796,5100,12246,210737,10
1972,4,9351.666667,9431.666667,6969,5873,5134,796,5100,12246,210737,11
1972,4,9351.666667,9431.666667,6969,5873,5134,796,5100,12246,210737,12
1973,1,9562.333333,9652.666667,7006.666667,5967.333333,5246,845,5119,12376,211192,1
1973,1,9562.333333,9652.666667,7006.666667,5967.333333,5246,845,5119,12376,211192,2
1973,1,9562.333333,9652.666667,7006.666667,5967.333333,5246,845,5119,12376,211192,3
1973,2,9645,9740.333333,7050,5951.333333,5183,833,5065,12454,211663,4
1973,2,9645,9740.333333,7050,5951.333333,5183,833,5065,12454,211663,5
1973,2,9645,9740.333333,7050,5951.333333,5183,833,5065,12454,211663,6
1973,3,9570.333333,9679,7064.333333,5957.666667,5172,823,5076,12505,212191,7
1973,3,9570.333333,9679,7064.333333,5957.666667,5172,823,5076,12505,212191,8
1973,3,9570.333333,9679,7064.333333,5957.666667,5172,823,5076,12505,212191,9
1973,4,9637.666667,9747,7124.333333,5925.333333,5109,802,5044,12520,212708,10
1973,4,9637.666667,9747,7124.333333,5925.333333,5109,802,5044,12520,212708,11
1973,4,9637.666667,9747,7124.333333,5925.333333,5109,802,5044,12520,212708,12
1974,1,9535.333333,9661,6991.666667,5860.333333,5015,782,4966,12472,213144,1
1974,1,9535.333333,9661,6991.666667,5860.333333,5015,782,4966,12472,213144,2
1974,1,9535.333333,9661,6991.666667,5860.333333,5015,782,4966,12472,213144,3
1974,2,9537.666667,9657,6911.666667,5868.666667,4988,784,4922,12570,213602,4
1974,2,9537.666667,9657,6911.666667,5868.666667,4988,784,4922,12570,213602,5
1974,2,9537.666667,9657,6911.666667,5868.666667,4988,784,4922,12570,213602,6
1974,3,9423.333333,9532.666667,6900.333333,5879,4992,787,4920,12604,214147,7
1974,3,9423.333333,9532.666667,6900.333333,5879,4992,787,4920,12604,214147,8
1974,3,9423.333333,9532.666667,6900.333333,5879,4992,787,4920,12604,214147,9
1974,4,9362.666667,9458,6873.333333,5778.333333,4777,710,4820,12701,214700,10
1974,4,9362.666667,9458,6873.333333,5778.333333,4777,710,4820,12701,214700,11
1974,4,9362.666667,9458,6873.333333,5778.333333,4777,710,4820,12701,214700,12
1975,1,9230,9311.666667,6849.333333,5815,4802,724,4820,12793,215135,1
1975,1,9230,9311.666667,6849.333333,5815,4802,724,4820,12793,215135,2
1975,1,9230,9311.666667,6849.333333,5815,4802,724,4820,12793,215135,3
1975,2,9273.666667,9355.666667,7149,5896.333333,4893,736,4915,12915,215652,4
1975,2,9273.666667,9355.666667,7149,5896.333333,4893,736,4915,12915,215652,5
1975,2,9273.666667,9355.666667,7149,5896.333333,4893,736,4915,12915,215652,6
1975,3,9404.666667,9492.333333,7024.333333,5962.666667,4999,780,4948,12938,216289,7
1975,3,9404.666667,9492.333333,7024.333333,5962.666667,4999,780,4948,12938,216289,8
1975,3,9404.666667,9492.333333,7024.333333,5962.666667,4999,780,4948,12938,216289,9
1975,4,9506.666667,9609,7060.666667,6011,5020,800,4923,13090,216848,10
1975,4,9506.666667,9609,7060.666667,6011,5020,800,4923,13090,216848,11
1975,4,9506.666667,9609,7060.666667,6011,5020,800,4923,13090,216848,12
1976,1,9699.666667,9799.333333,7130.666667,6118,5155,839,5012,13214,217314,1
1976,1,9699.666667,9799.333333,7130.666667,6118,5155,839,5012,13214,217314,2
1976,1,9699.666667,9799.333333,7130.666667,6118,5155,839,5012,13214,217314,3
1976,2,9750,9853.333333,7156,6161.333333,5207,841,5078,13274,217776,4
1976,2,9750,9853.333333,7156,6161.333333,5207,841,5078,13274,217776,5
1976,2,9750,9853.333333,7156,6161.333333,5207,841,5078,13274,217776,6
1976,3,9778.333333,9882,7193.333333,6210.333333,5239,848,5104,13400,218338,7
1976,3,9778.333333,9882,7193.333333,6210.333333,5239,848,5104,13400,218338,8
1976,3,9778.333333,9882,7193.333333,6210.333333,5239,848,5104,13400,218338,9
1976,4,9823,9928.666667,7219.666667,6274,5289,859,5144,13548,218917,10
1976,4,9823,9928.666667,7219.666667,6274,5289,859,5144,13548,218917,11
1976,4,9823,9928.666667,7219.666667,6274,5289,859,5144,13548,218917,12
1977,1,9916.333333,10035.33333,7219.333333,6333.333333,5335,889,5129,13682,219427,1
1977,1,9916.333333,10035.33333,7219.333333,6333.333333,5335,889,5129,13682,219427,2
1977,1,9916.333333,10035.33333,7219.333333,6333.333333,5335,889,5129,13682,219427,3
1977,2,10084.66667,10201.33333,7269.666667,6352.333333,5362,908,5116,13699,219956,4
1977,2,10084.66667,10201.33333,7269.666667,6352.333333,5362,908,5116,13699,219956,5
1977,2,10084.66667,10201.33333,7269.666667,6352.333333,5362,908,5116,13699,219956,6
1977,3,10237.66667,10353.33333,7350,6394.333333,5390,919,5127,13807,220573,7
1977,3,10237.66667,10353.33333,7350,6394.333333,5390,919,5127,13807,220573,8
1977,3,10237.66667,10353.33333,7350,6394.333333,5390,919,5127,13807,220573,9
1977,4,10208.66667,10312.66667,7469.333333,6472.333333,5489,936,5222,13898,221201,10
1977,4,10208.66667,10312.66667,7469.333333,6472.333333,5489,936,5222,13898,221201,11
1977,4,10208.66667,10312.66667,7469.333333,6472.333333,5489,936,5222,13898,221201,12
1978,1,10217.66667,10335.66667,7510,6493.333333,5446,909,5232,14082,221719,1
1978,1,10217.66667,10335.66667,7510,6493.333333,5446,909,5232,14082,221719,2
1978,1,10217.66667,10335.66667,7510,6493.333333,5446,909,5232,14082,221719,3
1978,2,10585.66667,10686,7570.333333,6615.333333,5588,974,5259,14258,222281,4
1978,2,10585.66667,10686,7570.333333,6615.333333,5588,974,5259,14258,222281,5
1978,2,10585.66667,10686,7570.333333,6615.333333,5588,974,5259,14258,222281,6
1978,3,10660.66667,10769.33333,7607,6623.666667,5576,958,5285,14318,222933,7
1978,3,10660.66667,10769.33333,7607,6623.666667,5576,958,5285,14318,222933,8
1978,3,10660.66667,10769.33333,7607,6623.666667,5576,958,5285,14318,222933,9
1978,4,10772.66667,10895.33333,7634.666667,6657.666667,5622,963,5337,14352,223583,10
1978,4,10772.66667,10895.33333,7634.666667,6657.666667,5622,963,5337,14352,223583,11
1978,4,10772.66667,10895.33333,7634.666667,6657.666667,5622,963,5337,14352,223583,12
1979,1,10764.66667,10889.66667,7706.666667,6675.333333,5604,949,5347,14465,224152,1
1979,1,10764.66667,10889.66667,7706.666667,6675.333333,5604,949,5347,14465,224152,2
1979,1,10764.66667,10889.66667,7706.666667,6675.333333,5604,949,5347,14465,224152,3
1979,2,10748,10886.33333,7617,6653.666667,5542,925,5323,14516,224737,4
1979,2,10748,10886.33333,7617,6653.666667,5542,925,5323,14516,224737,5
1979,2,10748,10886.33333,7617,6653.666667,5542,925,5323,14516,224737,6
1979,3,10795.33333,10957.66667,7629.666667,6698,5617,948,5369,14526,225418,7
1979,3,10795.33333,10957.66667,7629.666667,6698,5617,948,5369,14526,225418,8
1979,3,10795.33333,10957.66667,7629.666667,6698,5617,948,5369,14526,225418,9
1979,4,10788.66667,10949.33333,7621.666667,6694,5576,921,5381,14603,226117,10
1979,4,10788.66667,10949.33333,7621.666667,6694,5576,921,5381,14603,226117,11
1979,4,10788.66667,10949.33333,7621.666667,6694,5576,921,5381,14603,226117,12
1980,1,10792.33333,10955.33333,7629,6665.666667,5532,904,5363,14586,226754,1
1980,1,10792.33333,10955.33333,7629,6665.666667,5532,904,5363,14586,226754,2
1980,1,10792.33333,10955.33333,7629,6665.666667,5532,904,5363,14586,226754,3
1980,2,10540.33333,10691.33333,7541,6497.333333,5290,804,5276,14454,227389,4
1980,2,10540.33333,10691.33333,7541,6497.333333,5290,804,5276,14454,227389,5
1980,2,10540.33333,10691.33333,7541,6497.333333,5290,804,5276,14454,227389,6
1980,3,10496.33333,10639,7600.666667,6549,5328,837,5247,14577,228070,7
1980,3,10496.33333,10639,7600.666667,6549,5328,837,5247,14577,228070,8
1980,3,10496.33333,10639,7600.666667,6549,5328,837,5247,14577,228070,9
1980,4,10663.33333,10781.33333,7681.666667,6619.333333,5374,860,5253,14760,228689,10
1980,4,10663.33333,10781.33333,7681.666667,6619.333333,5374,860,5253,14760,228689,11
1980,4,10663.33333,10781.33333,7681.666667,6619.333333,5374,860,5253,14760,228689,12
1981,1,10850,10975,7652,6628,5440,883,5289,14645,229155,1
1981,1,10850,10975,7652,6628,5440,883,5289,14645,229155,2
1981,1,10850,10975,7652,6628,5440,883,5289,14645,229155,3
1981,2,10745.33333,10863.33333,7641.333333,6613.666667,5384,847,5300,14712,229674,4
1981,2,10745.33333,10863.33333,7641.333333,6613.666667,5384,847,5300,14712,229674,5
1981,2,10745.33333,10863.33333,7641.333333,6613.666667,5384,847,5300,14712,229674,6
1981,3,10844.33333,10969,7783.666667,6626,5424,870,5298,14674,230301,7
1981,3,10844.33333,10969,7783.666667,6626,5424,870,5298,14674,230301,8
1981,3,10844.33333,10969,7783.666667,6626,5424,870,5298,14674,230301,9
1981,4,10698.33333,10836,7769,6563.666667,5313,806,5304,14667,230903,10
1981,4,10698.33333,10836,7769,6563.666667,5313,806,5304,14667,230903,11
1981,4,10698.33333,10836,7769,6563.666667,5313,806,5304,14667,230903,12
1982,1,10509.66667,10640.33333,7770.666667,6598,5355,830,5303,14713,231395,1
1982,1,10509.66667,10640.33333,7770.666667,6598,5355,830,5303,14713,231395,2
1982,1,10509.66667,10640.33333,7770.666667,6598,5355,830,5303,14713,231395,3
1982,2,10534.33333,10679.33333,7802,6603.333333,5342,831,5282,14762,231906,4
1982,2,10534.33333,10679.33333,7802,6603.333333,5342,831,5282,14762,231906,5
1982,2,10534.33333,10679.33333,7802,6603.333333,5342,831,5282,14762,231906,6
1982,3,10467.33333,10591.66667,7822,6630.666667,5357,835,5291,14838,232498,7
1982,3,10467.33333,10591.66667,7822,6630.666667,5357,835,5291,14838,232498,8
1982,3,10467.33333,10591.66667,7822,6630.666667,5357,835,5291,14838,232498,9
1982,4,10445.66667,10565.66667,7831.333333,6730.333333,5451,871,5332,15031,233074,10
1982,4,10445.66667,10565.66667,7831.333333,6730.333333,5451,871,5332,15031,233074,11
1982,4,10445.66667,10565.66667,7831.333333,6730.333333,5451,871,5332,15031,233074,12
1983,1,10562,10680.33333,7893.666667,6783,5469,878,5338,15200,233546,1
1983,1,10562,10680.33333,7893.666667,6783,5469,878,5338,15200,233546,2
1983,1,10562,10680.33333,7893.666667,6783,5469,878,5338,15200,233546,3
1983,2,10780,10905.66667,7933.666667,6907,5618,941,5390,15375,234028,4
1983,2,10780,10905.66667,7933.666667,6907,5618,941,5390,15375,234028,5
1983,2,10780,10905.66667,7933.666667,6907,5618,941,5390,15375,234028,6
1983,3,10968.66667,11096.33333,8032,7013.666667,5729,974,5459,15564,234603,7
1983,3,10968.66667,11096.33333,8032,7013.666667,5729,974,5459,15564,234603,8
1983,3,10968.66667,11096.33333,8032,7013.666667,5729,974,5459,15564,234603,9
1983,4,11171,11303,8187.333333,7108.666667,5850,1020,5512,15688,235153,10
1983,4,11171,11303,8187.333333,7108.666667,5850,1020,5512,15688,235153,11
1983,4,11171,11303,8187.333333,7108.666667,5850,1020,5512,15688,235153,12
1984,1,11367.66667,11490.66667,8328,7154,5918,1056,5516,15727,235605,1
1984,1,11367.66667,11490.66667,8328,7154,5918,1056,5516,15727,235605,2
1984,1,11367.66667,11490.66667,8328,7154,5918,1056,5516,15727,235605,3
1984,2,11540.66667,11664.33333,8445,7239.333333,6038,1079,5625,15819,236082,4
1984,2,11540.66667,11664.33333,8445,7239.333333,6038,1079,5625,15819,236082,5
1984,2,11540.66667,11664.33333,8445,7239.333333,6038,1079,5625,15819,236082,6
1984,3,11623.66667,11746,8534.666667,7275.333333,6027,1076,5615,15978,236657,7
1984,3,11623.66667,11746,8534.666667,7275.333333,6027,1076,5615,15978,236657,8
1984,3,11623.66667,11746,8534.666667,7275.333333,6027,1076,5615,15978,236657,9
1984,4,11690.66667,11800.66667,8584.333333,7351.666667,6106,1109,5645,16115,237232,10
1984,4,11690.66667,11800.66667,8584.333333,7351.666667,6106,1109,5645,16115,237232,11
1984,4,11690.66667,11800.66667,8584.333333,7351.666667,6106,1109,5645,16115,237232,12
1985,1,11782,11870.33333,8547.666667,7463,6189,1145,5669,16377,237673,1
1985,1,11782,11870.33333,8547.666667,7463,6189,1145,5669,16377,237673,2
1985,1,11782,11870.33333,8547.666667,7463,6189,1145,5669,16377,237673,3
1985,2,11860.66667,11953,8700,7515.333333,6232,1156,5701,16492,238176,4
1985,2,11860.66667,11953,8700,7515.333333,6232,1156,5701,16492,238176,5
1985,2,11860.66667,11953,8700,7515.333333,6232,1156,5701,16492,238176,6
1985,3,12011,12088.66667,8653.666667,7638.666667,6382,1227,5733,16671,238789,7
1985,3,12011,12088.66667,8653.666667,7638.666667,6382,1227,5733,16671,238789,8
1985,3,12011,12088.66667,8653.666667,7638.666667,6382,1227,5733,16671,238789,9
1985,4,12070,12155.33333,8727,7636,6328,1182,5770,16763,239387,10
1985,4,12070,12155.33333,8727,7636,6328,1182,5770,16763,239387,11
1985,4,12070,12155.33333,8727,7636,6328,1182,5770,16763,239387,12
1986,1,12158.66667,12235,8827.666667,7687.666667,6411,1204,5831,16799,239861,1
1986,1,12158.66667,12235,8827.666667,7687.666667,6411,1204,5831,16799,239861,2
1986,1,12158.66667,12235,8827.666667,7687.666667,6411,1204,5831,16799,239861,3
1986,2,12187.66667,12245,8919.666667,7755,6512,1244,5871,16865,240368,4
1986,2,12187.66667,12245,8919.666667,7755,6512,1244,5871,16865,240368,5
1986,2,12187.66667,12245,8919.666667,7755,6512,1244,5871,16865,240368,6
1986,3,12274,12337,8947.333333,7872.666667,6697,1346,5869,16964,240962,7
1986,3,12274,12337,8947.333333,7872.666667,6697,1346,5869,16964,240962,8
1986,3,12274,12337,8947.333333,7872.666667,6697,1346,5869,16964,240962,9
1986,4,12310.33333,12356,8927.333333,7902,6677,1322,5902,17109,241539,10
1986,4,12310.33333,12356,8927.333333,7902,6677,1322,5902,17109,241539,11
1986,4,12310.33333,12356,8927.333333,7902,6677,1322,5902,17109,241539,12
1987,1,12377.33333,12428,8975.666667,7894,6527,1241,5898,17351,242009,1
1987,1,12377.33333,12428,8975.666667,7894,6527,1241,5898,17351,242009,2
1987,1,12377.33333,12428,8975.666667,7894,6527,1241,5898,17351,242009,3
1987,2,12484.66667,12544,8864,7984.666667,6638,1289,5931,17486,242520,4
1987,2,12484.66667,12544,8864,7984.666667,6638,1289,5931,17486,242520,5
1987,2,12484.66667,12544,8864,7984.666667,6638,1289,5931,17486,242520,6
1987,3,12561.66667,12619.66667,9001,8056,6721,1339,5921,17598,243120,7
1987,3,12561.66667,12619.66667,9001,8056,6721,1339,5921,17598,243120,8
1987,3,12561.66667,12619.66667,9001,8056,6721,1339,5921,17598,243120,9
1987,4,12746,12808,9108.333333,8053,6645,1300,5914,17727,243721,10
1987,4,12746,12808,9108.333333,8053,6645,1300,5914,17727,243721,11
1987,4,12746,12808,9108.333333,8053,6645,1300,5914,17727,243721,12
1988,1,12786.33333,12861.33333,9239.666667,8179,6788,1358,5966,17933,244208,1
1988,1,12786.33333,12861.33333,9239.666667,8179,6788,1358,5966,17933,244208,2
1988,1,12786.33333,12861.33333,9239.666667,8179,6788,1358,5966,17933,244208,3
1988,2,12927.33333,12996.33333,9326,8222.333333,6809,1356,6001,18054,244716,4
1988,2,12927.33333,12996.33333,9326,8222.333333,6809,1356,6001,18054,244716,5
1988,2,12927.33333,12996.33333,9326,8222.333333,6809,1356,6001,18054,244716,6
1988,3,12969.33333,13031,9396.333333,8273.666667,6790,1335,6026,18278,245354,7
1988,3,12969.33333,13031,9396.333333,8273.666667,6790,1335,6026,18278,245354,8
1988,3,12969.33333,13031,9396.333333,8273.666667,6790,1335,6026,18278,245354,9
1988,4,13109.33333,13176.33333,9462.333333,8347,6881,1366,6074,18385,245966,10
1988,4,13109.33333,13176.33333,9462.333333,8347,6881,1366,6074,18385,245966,11
1988,4,13109.33333,13176.33333,9462.333333,8347,6881,1366,6074,18385,245966,12
1989,1,13216,13281.33333,9545.666667,8369,6877,1357,6089,18473,246460,1
1989,1,13216,13281.33333,9545.666667,8369,6877,1357,6089,18473,246460,2
1989,1,13216,13281.33333,9545.666667,8369,6877,1357,6089,18473,246460,3
1989,2,13287,13349.33333,9492.666667,8389,6900,1372,6085,18506,247017,4
1989,2,13287,13349.33333,9492.666667,8389,6900,1372,6085,18506,247017,5
1989,2,13287,13349.33333,9492.666667,8389,6900,1372,6085,18506,247017,6
1989,3,13348.66667,13416.33333,9529,8447,6980,1400,6129,18576,247698,7
1989,3,13348.66667,13416.33333,9529,8447,6980,1400,6129,18576,247698,8
1989,3,13348.66667,13416.33333,9529,8447,6980,1400,6129,18576,247698,9
1989,4,13338.33333,13420.33333,9584.666667,8460.666667,6938,1353,6181,18700,248374,10
1989,4,13338.33333,13420.33333,9584.666667,8460.666667,6938,1353,6181,18700,248374,11
1989,4,13338.33333,13420.33333,9584.666667,8460.666667,6938,1353,6181,18700,248374,12
1990,1,13453.66667,13531.33333,9639.666667,8512.666667,7015,1407,6159,18754,248936,1
1990,1,13453.66667,13531.33333,9639.666667,8512.666667,7015,1407,6159,18754,248936,2
1990,1,13453.66667,13531.33333,9639.666667,8512.666667,7015,1407,6159,18754,248936,3
1990,2,13460.66667,13541.66667,9680.666667,8512,6918,1357,6147,18923,249711,4
1990,2,13460.66667,13541.66667,9680.666667,8512,6918,1357,6147,18923,249711,5
1990,2,13460.66667,13541.66667,9680.666667,8512,6918,1357,6147,18923,249711,6
1990,3,13422,13491.33333,9647.666667,8515.666667,6878,1338,6135,19007,250595,7
1990,3,13422,13491.33333,9647.666667,8515.666667,6878,1338,6135,19007,250595,8
1990,3,13422,13491.33333,9647.666667,8515.666667,6878,1338,6135,19007,250595,9
1990,4,13253,13371.66667,9537,8421,6745,1297,6052,18895,251482,10
1990,4,13253,13371.66667,9537,8421,6745,1297,6052,18895,251482,11
1990,4,13253,13371.66667,9537,8421,6745,1297,6052,18895,251482,12
1991,1,13150.33333,13242.66667,9536.666667,8363.333333,6667,1257,6037,18823,252258,1
1991,1,13150.33333,13242.66667,9536.666667,8363.333333,6667,1257,6037,18823,252258,2
1991,1,13150.33333,13242.66667,9536.666667,8363.333333,6667,1257,6037,18823,252258,3
1991,2,13210.66667,13278.33333,9578,8406,6683,1259,6053,18949,253063,4
1991,2,13210.66667,13278.33333,9578,8406,6683,1259,6053,18949,253063,5
1991,2,13210.66667,13278.33333,9578,8406,6683,1259,6053,18949,253063,6
1991,3,13230.33333,13289.66667,9580.666667,8418,6699,1274,6041,18964,253965,7
1991,3,13230.33333,13289.66667,9580.666667,8418,6699,1274,6041,18964,253965,8
1991,3,13230.33333,13289.66667,9580.666667,8418,6699,1274,6041,18964,253965,9
1991,4,13231.33333,13307.33333,9622.666667,8385,6602,1249,5969,19012,254835,10
1991,4,13231.33333,13307.33333,9622.666667,8385,6602,1249,5969,19012,254835,11
1991,4,13231.33333,13307.33333,9622.666667,8385,6602,1249,5969,19012,254835,12
1992,1,13350.33333,13425,9779.666667,8517,6732,1294,6040,19266,255585,1
1992,1,13350.33333,13425,9779.666667,8517,6732,1294,6040,19266,255585,2
1992,1,13350.33333,13425,9779.666667,8517,6732,1294,6040,19266,255585,3
1992,2,13450,13523,9838.666667,8546,6744,1299,6045,19352,256439,4
1992,2,13450,13523,9838.666667,8546,6744,1299,6045,19352,256439,5
1992,2,13450,13523,9838.666667,8546,6744,1299,6045,19352,256439,6
1992,3,13533,13600,9844.666667,8606,6793,1322,6059,19485,257386,7
1992,3,13533,13600,9844.666667,8606,6793,1322,6059,19485,257386,8
1992,3,13533,13600,9844.666667,8606,6793,1322,6059,19485,257386,9
1992,4,13627,13695.66667,9854.333333,8678.333333,6859,1343,6099,19634,258277,10
1992,4,13627,13695.66667,9854.333333,8678.333333,6859,1343,6099,19634,258277,11
1992,4,13627,13695.66667,9854.333333,8678.333333,6859,1343,6099,19634,258277,12
1993,1,13609.66667,13691.66667,9862.666667,8686,6865,1352,6087,19650,259039,1
1993,1,13609.66667,13691.66667,9862.666667,8686,6865,1352,6087,19650,259039,2
1993,1,13609.66667,13691.66667,9862.666667,8686,6865,1352,6087,19650,259039,3
1993,2,13647.33333,13715.66667,9863.333333,8738.666667,6954,1392,6117,19690,259826,4
1993,2,13647.33333,13715.66667,9863.333333,8738.666667,6954,1392,6117,19690,259826,5
1993,2,13647.33333,13715.66667,9863.333333,8738.666667,6954,1392,6117,19690,259826,6
1993,3,13665.66667,13744.66667,9838,8805.666667,7002,1403,6156,19850,260714,7
1993,3,13665.66667,13744.66667,9838,8805.666667,7002,1403,6156,19850,260714,8
1993,3,13665.66667,13744.66667,9838,8805.666667,7002,1403,6156,19850,260714,9
1993,4,13807.66667,13855.66667,9875,8854.666667,7068,1432,6179,19915,261547,10
1993,4,13807.66667,13855.66667,9875,8854.666667,7068,1432,6179,19915,261547,11
1993,4,13807.66667,13855.66667,9875,8854.666667,7068,1432,6179,19915,261547,12
1994,1,13904.33333,13965.33333,9912.333333,8932,7169,1462,6245,20025,262250,1
1994,1,13904.33333,13965.33333,9912.333333,8932,7169,1462,6245,20025,262250,2
1994,1,13904.33333,13965.33333,9912.333333,8932,7169,1462,6245,20025,262250,3
1994,2,14051.33333,14103.66667,9982,8975,7211,1474,6276,20109,263020,4
1994,2,14051.33333,14103.66667,9982,8975,7211,1474,6276,20109,263020,5
1994,2,14051.33333,14103.66667,9982,8975,7211,1474,6276,20109,263020,6
1994,3,14088,14136.66667,10008.33333,9014.333333,7255,1484,6310,20178,263870,7
1994,3,14088,14136.66667,10008.33333,9014.333333,7255,1484,6310,20178,263870,8
1994,3,14088,14136.66667,10008.33333,9014.333333,7255,1484,6310,20178,263870,9
1994,4,14206,14252,10120.66667,9084,7371,1532,6357,20235,264678,10
1994,4,14206,14252,10120.66667,9084,7371,1532,6357,20235,264678,11
1994,4,14206,14252,10120.66667,9084,7371,1532,6357,20235,264678,12
1995,1,14218,14281.33333,10179,9082.333333,7315,1496,6363,20321,265388,1
1995,1,14218,14281.33333,10179,9082.333333,7315,1496,6363,20321,265388,2
1995,1,14218,14281.33333,10179,9082.333333,7315,1496,6363,20321,265388,3
1995,2,14220,14287.66667,10178,9136,7343,1507,6376,20464,266142,4
1995,2,14220,14287.66667,10178,9136,7343,1507,6376,20464,266142,5
1995,2,14220,14287.66667,10178,9136,7343,1507,6376,20464,266142,6
1995,3,14295,14336.33333,10237.33333,9189.333333,7408,1545,6378,20548,267000,7
1995,3,14295,14336.33333,10237.33333,9189.333333,7408,1545,6378,20548,267000,8
1995,3,14295,14336.33333,10237.33333,9189.333333,7408,1545,6378,20548,267000,9
1995,4,14348,14410.33333,10264,9225,7455,1567,6391,20599,267820,10
1995,4,14348,14410.33333,10264,9225,7455,1567,6391,20599,267820,11
1995,4,14348,14410.33333,10264,9225,7455,1567,6391,20599,267820,12
1996,1,14419.66667,14493.66667,10333.66667,9287,7496,1580,6417,20751,268487,1
1996,1,14419.66667,14493.66667,10333.66667,9287,7496,1580,6417,20751,268487,2
1996,1,14419.66667,14493.66667,10333.66667,9287,7496,1580,6417,20751,268487,3
1996,2,14618.66667,14677.33333,10397.66667,9360,7621,1625,6481,20811,269251,4
1996,2,14618.66667,14677.33333,10397.66667,9360,7621,1625,6481,20811,269251,5
1996,2,14618.66667,14677.33333,10397.66667,9360,7621,1625,6481,20811,269251,6
1996,3,14701.66667,14754.33333,10444.66667,9386.333333,7650,1631,6506,20856,270128,7
1996,3,14701.66667,14754.33333,10444.66667,9386.333333,7650,1631,6506,20856,270128,8
1996,3,14701.66667,14754.33333,10444.66667,9386.333333,7650,1631,6506,20856,270128,9
1996,4,14807,14869.33333,10464,9431,7718,1658,6538,20906,270991,10
1996,4,14807,14869.33333,10464,9431,7718,1658,6538,20906,270991,11
1996,4,14807,14869.33333,10464,9431,7718,1658,6538,20906,270991,12
1997,1,14863.33333,14910.33333,10532,9505,7801,1698,6559,21036,271709,1
1997,1,14863.33333,14910.33333,10532,9505,7801,1698,6559,21036,271709,2
1997,1,14863.33333,14910.33333,10532,9505,7801,1698,6559,21036,271709,3
1997,2,15067.66667,15128,10592.33333,9520.666667,7773,1688,6544,21135,272487,4
1997,2,15067.66667,15128,10592.33333,9520.666667,7773,1688,6544,21135,272487,5
1997,2,15067.66667,15128,10592.33333,9520.666667,7773,1688,6544,21135,272487,6
1997,3,15205.33333,15252,10682,9651,7949,1757,6626,21316,273391,7
1997,3,15205.33333,15252,10682,9651,7949,1757,6626,21316,273391,8
1997,3,15205.33333,15252,10682,9651,7949,1757,6626,21316,273391,9
1997,4,15287.33333,15322,10806,9735.666667,8032,1797,6652,21483,274246,10
1997,4,15287.33333,15322,10806,9735.666667,8032,1797,6652,21483,274246,11
1997,4,15287.33333,15322,10806,9735.666667,8032,1797,6652,21483,274246,12
1998,1,15401.33333,15451.33333,11007.33333,9809,8072,1807,6682,21675,274950,1
1998,1,15401.33333,15451.33333,11007.33333,9809,8072,1807,6682,21675,274950,2
1998,1,15401.33333,15451.33333,11007.33333,9809,8072,1807,6682,21675,274950,3
1998,2,15501.33333,15546.33333,11131.33333,9954.666667,8259,1893,6745,21896,275703,4
1998,2,15501.33333,15546.33333,11131.33333,9954.666667,8259,1893,6745,21896,275703,5
1998,2,15501.33333,15546.33333,11131.33333,9954.666667,8259,1893,6745,21896,275703,6
1998,3,15647.66667,15669.66667,11207,10053,8357,1940,6773,22088,276564,7
1998,3,15647.66667,15669.66667,11207,10053,8357,1940,6773,22088,276564,8
1998,3,15647.66667,15669.66667,11207,10053,8357,1940,6773,22088,276564,9
1998,4,15851.66667,15877.66667,11257,10167.33333,8585,2049,6845,22144,277400,10
1998,4,15851.66667,15877.66667,11257,10167.33333,8585,2049,6845,22144,277400,11
1998,4,15851.66667,15877.66667,11257,10167.33333,8585,2049,6845,22144,277400,12
1999,1,15960,16000,11348.33333,10246,8670,2048,6954,22289,278103,1
1999,1,15960,16000,11348.33333,10246,8670,2048,6954,22289,278103,2
1999,1,15960,16000,11348.33333,10246,8670,2048,6954,22289,278103,3
1999,2,16049.33333,16097.33333,11325,10374.33333,8850,2140,7001,22464,278864,4
1999,2,16049.33333,16097.33333,11325,10374.33333,8850,2140,7001,22464,278864,5
1999,2,16049.33333,16097.33333,11325,10374.33333,8850,2140,7001,22464,278864,6
1999,3,16210.66667,16254,11369,10457.66667,8926,2185,7011,22638,279751,7
1999,3,16210.66667,16254,11369,10457.66667,8926,2185,7011,22638,279751,8
1999,3,16210.66667,16254,11369,10457.66667,8926,2185,7011,22638,279751,9
1999,4,16427,16485.66667,11482,10579,9052,2204,7132,22867,280592,10
1999,4,16427,16485.66667,11482,10579,9052,2204,7132,22867,280592,11
1999,4,16427,16485.66667,11482,10579,9052,2204,7132,22867,280592,12
2000,1,16445,16494.66667,11652.66667,10711.66667,9164,2321,7052,23156,281304,1
2000,1,16445,16494.66667,11652.66667,10711.66667,9164,2321,7052,23156,281304,2
2000,1,16445,16494.66667,11652.66667,10711.66667,9164,2321,7052,23156,281304,3
2000,2,16703,16756.66667,11761.33333,10785,9190,2273,7174,23369,282002,4
2000,2,16703,16756.66667,11761.33333,10785,9190,2273,7174,23369,282002,5
2000,2,16703,16756.66667,11761.33333,10785,9190,2273,7174,23369,282002,6
2000,3,16674.66667,16719.33333,11884.33333,10858.66667,9260,2305,7202,23517,282769,7
2000,3,16674.66667,16719.33333,11884.33333,10858.66667,9260,2305,7202,23517,282769,8
2000,3,16674.66667,16719.33333,11884.33333,10858.66667,9260,2305,7202,23517,282769,9
2000,4,16730,16813,11932.33333,10924.66667,9316,2315,7252,23660,283518,10
2000,4,16730,16813,11932.33333,10924.66667,9316,2315,7252,23660,283518,11
2000,4,16730,16813,11932.33333,10924.66667,9316,2315,7252,23660,283518,12
2001,1,16637,16696,11999.66667,10939.33333,9316,2347,7192,23707,284169,1
2001,1,16637,16696,11999.66667,10939.33333,9316,2347,7192,23707,284169,2
2001,1,16637,16696,11999.66667,10939.33333,9316,2347,7192,23707,284169,3
2001,2,16701.66667,16773.33333,11962.33333,10935.33333,9319,2340,7209,23690,284838,4
2001,2,16701.66667,16773.33333,11962.33333,10935.33333,9319,2340,7209,23690,284838,5
2001,2,16701.66667,16773.33333,11962.33333,10935.33333,9319,2340,7209,23690,284838,6
2001,3,16591.33333,16626,12203.66667,10945,9361,2361,7223,23662,285584,7
2001,3,16591.33333,16626,12203.66667,10945,9361,2361,7223,23662,285584,8
2001,3,16591.33333,16626,12203.66667,10945,9361,2361,7223,23662,285584,9
2001,4,16594.33333,16727.33333,11970.66667,11093.33333,9674,2551,7266,23727,286311,10
2001,4,16594.33333,16727.33333,11970.66667,11093.33333,9674,2551,7266,23727,286311,11
2001,4,16594.33333,16727.33333,11970.66667,11093.33333,9674,2551,7266,23727,286311,12
2002,1,16697,16769.66667,12231,11093.66667,9637,2517,7281,23781,286935,1
2002,1,16697,16769.66667,12231,11093.66667,9637,2517,7281,23781,286935,2
2002,1,16697,16769.66667,12231,11093.66667,9637,2517,7281,23781,286935,3
2002,2,16762,16805,12301.66667,11125,9642,2528,7269,23878,287574,4
2002,2,16762,16805,12301.66667,11125,9642,2528,7269,23878,287574,5
2002,2,16762,16805,12301.66667,11125,9642,2528,7269,23878,287574,6
2002,3,16787.33333,16849.66667,12285.66667,11174.66667,9736,2597,7263,23915,288303,7
2002,3,16787.33333,16849.66667,12285.66667,11174.66667,9736,2597,7263,23915,288303,8
2002,3,16787.33333,16849.66667,12285.66667,11174.66667,9736,2597,7263,23915,288303,9
2002,4,16767.33333,16852.66667,12330.66667,11209.33333,9751,2567,7332,24009,289007,10
2002,4,16767.33333,16852.66667,12330.66667,11209.33333,9751,2567,7332,24009,289007,11
2002,4,16767.33333,16852.66667,12330.66667,11209.33333,9751,2567,7332,24009,289007,12
2003,1,16820.66667,16881.66667,12308,11241,9785,2564,7376,24069,289609,1
2003,1,16820.66667,16881.66667,12308,11241,9785,2564,7376,24069,289609,2
2003,1,16820.66667,16881.66667,12308,11241,9785,2564,7376,24069,289609,3
2003,2,16932,17011.66667,12420.33333,11344.66667,9976,2674,7419,24156,290253,4
2003,2,16932,17011.66667,12420.33333,11344.66667,9976,2674,7419,24156,290253,5
2003,2,16932,17011.66667,12420.33333,11344.66667,9976,2674,7419,24156,290253,6
2003,3,17170.66667,17247.33333,12600.66667,11476.66667,10231,2786,7537,24256,290974,7
2003,3,17170.66667,17247.33333,12600.66667,11476.66667,10231,2786,7537,24256,290974,8
2003,3,17170.66667,17247.33333,12600.66667,11476.66667,10231,2786,7537,24256,290974,9
2003,4,17328.66667,17441.33333,12604.66667,11528,10298,2819,7562,24337,291669,10
2003,4,17328.66667,17441.33333,12604.66667,11528,10298,2819,7562,24337,291669,11
2003,4,17328.66667,17441.33333,12604.66667,11528,10298,2819,7562,24337,291669,12
2004,1,17393,17531.33333,12637.33333,11613,10394,2863,7605,24491,292237,1
2004,1,17393,17531.33333,12637.33333,11613,10394,2863,7605,24491,292237,2
2004,1,17393,17531.33333,12637.33333,11613,10394,2863,7605,24491,292237,3
2004,2,17489.66667,17590,12739,11650.66667,10407,2864,7619,24598,292875,4
2004,2,17489.66667,17590,12739,11650.66667,10407,2864,7619,24598,292875,5
2004,2,17489.66667,17590,12739,11650.66667,10407,2864,7619,24598,292875,6
2004,3,17611.66667,17723.66667,12789.33333,11758.33333,10527,2931,7655,24795,293603,7
2004,3,17611.66667,17723.66667,12789.33333,11758.33333,10527,2931,7655,24795,293603,8
2004,3,17611.66667,17723.66667,12789.33333,11758.33333,10527,2931,7655,24795,293603,9
2004,4,17747.33333,17819.33333,12906,11862,10641,2979,7714,24986,294334,10
2004,4,17747.33333,17819.33333,12906,11862,10641,2979,7714,24986,294334,11
2004,4,17747.33333,17819.33333,12906,11862,10641,2979,7714,24986,294334,12
2005,1,17906.33333,18023.33333,12704,11912,10700,2987,7770,25074,294957,1
2005,1,17906.33333,18023.33333,12704,11912,10700,2987,7770,25074,294957,2
2005,1,17906.33333,18023.33333,12704,11912,10700,2987,7770,25074,294957,3
2005,2,17956,18054.33333,12792.66667,12018.33333,10835,3060,7814,25247,295588,4
2005,2,17956,18054.33333,12792.66667,12018.33333,10835,3060,7814,25247,295588,5
2005,2,17956,18054.33333,12792.66667,12018.33333,10835,3060,7814,25247,295588,6
2005,3,18051,18159.33333,12807.33333,12087.33333,10910,3112,7824,25375,296340,7
2005,3,18051,18159.33333,12807.33333,12087.33333,10910,3112,7824,25375,296340,8
2005,3,18051,18159.33333,12807.33333,12087.33333,10910,3112,7824,25375,296340,9
2005,4,18105.66667,18174.33333,12889.66667,12079.33333,10860,3011,7913,25412,297086,10
2005,4,18105.66667,18174.33333,12889.66667,12079.33333,10860,3011,7913,25412,297086,11
2005,4,18105.66667,18174.33333,12889.66667,12079.33333,10860,3011,7913,25412,297086,12
2006,1,18309,18378.66667,13099.66667,12184.33333,11061,3124,7977,25500,297736,1
2006,1,18309,18378.66667,13099.66667,12184.33333,11061,3124,7977,25500,297736,2
2006,1,18309,18378.66667,13099.66667,12184.33333,11061,3124,7977,25500,297736,3
2006,2,18315,18375.33333,13119,12220,11052,3118,7975,25626,298408,4
2006,2,18315,18375.33333,13119,12220,11052,3118,7975,25626,298408,5
2006,2,18315,18375.33333,13119,12220,11052,3118,7975,25626,298408,6
2006,3,18295.33333,18338,13104,12266.66667,11120,3154,8000,25691,299180,7
2006,3,18295.33333,18338,13104,12266.66667,11120,3154,8000,25691,299180,8
2006,3,18295.33333,18338,13104,12266.66667,11120,3154,8000,25691,299180,9
2006,4,18405.33333,18457.66667,13230,12352,11247,3191,8091,25809,299946,10
2006,4,18405.33333,18457.66667,13230,12352,11247,3191,8091,25809,299946,11
2006,4,18405.33333,18457.66667,13230,12352,11247,3191,8091,25809,299946,12
2007,1,18420,18470,13301.66667,12400.66667,11301,3226,8100,25900,300609,1
2007,1,18420,18470,13301.66667,12400.66667,11301,3226,8100,25900,300609,2
2007,1,18420,18470,13301.66667,12400.66667,11301,3226,8100,25900,300609,3
2007,2,18491.33333,18564.33333,13337.66667,12405.33333,11302,3253,8065,25913,301284,4
2007,2,18491.33333,18564.33333,13337.66667,12405.33333,11302,3253,8065,25913,301284,5
2007,2,18491.33333,18564.33333,13337.66667,12405.33333,11302,3253,8065,25913,301284,6
2007,3,18549.66667,18694,13325.66667,12456,11344,3284,8070,26024,302062,7
2007,3,18549.66667,18694,13325.66667,12456,11344,3284,8070,26024,302062,8
2007,3,18549.66667,18694,13325.66667,12456,11344,3284,8070,26024,302062,9
2007,4,18619,18816.33333,13308.33333,12473.33333,11338,3301,8043,26088,302829,10
2007,4,18619,18816.33333,13308.33333,12473.33333,11338,3301,8043,26088,302829,11
2007,4,18619,18816.33333,13308.33333,12473.33333,11338,3301,8043,26088,302829,12
2008,1,18499,18681.66667,13335.33333,12429,11127,3187,7963,26202,303494,1
2008,1,18499,18681.66667,13335.33333,12429,11127,3187,7963,26202,303494,2
2008,1,18499,18681.66667,13335.33333,12429,11127,3187,7963,26202,303494,3
2008,2,18568.33333,18757.33333,13580,12436,11086,3157,7958,26273,304160,4
2008,2,18568.33333,18757.33333,13580,12436,11086,3157,7958,26273,304160,5
2008,2,18568.33333,18757.33333,13580,12436,11086,3157,7958,26273,304160,6
2008,3,18426,18636.33333,13286,12310,10827,3043,7822,26186,304902,7
2008,3,18426,18636.33333,13286,12310,10827,3043,7822,26186,304902,8
2008,3,18426,18636.33333,13286,12310,10827,3043,7822,26186,304902,9
2008,4,17980.33333,18092.66667,13406,12170.66667,10473,2813,7730,26167,305616,10
2008,4,17980.33333,18092.66667,13406,12170.66667,10473,2813,7730,26167,305616,11
2008,4,17980.33333,18092.66667,13406,12170.66667,10473,2813,7730,26167,305616,12
2009,1,17740.33333,17884.33333,13368.66667,12115.33333,10454,2812,7711,26012,306237,1
2009,1,17740.33333,17884.33333,13368.66667,12115.33333,10454,2812,7711,26012,306237,2
2009,1,17740.33333,17884.33333,13368.66667,12115.33333,10454,2812,7711,26012,306237,3
2009,2,17672.33333,17818.33333,13430.66667,12031,10366,2786,7649,25848,306866,4
2009,2,17672.33333,17818.33333,13430.66667,12031,10366,2786,7649,25848,306866,5
2009,2,17672.33333,17818.33333,13430.66667,12031,10366,2786,7649,25848,306866,6
2009,3,17693.66667,17912,13237.66667,12084,10522,2914,7656,25830,307573,7
2009,3,17693.66667,17912,13237.66667,12084,10522,2914,7656,25830,307573,8
2009,3,17693.66667,17912,13237.66667,12084,10522,2914,7656,25830,307573,9
2009,4,17843.66667,18051,13226.66667,12043,10442,2839,7663,25795,308285,10
2009,4,17843.66667,18051,13226.66667,12043,10442,2839,7663,25795,308285,11
2009,4,17843.66667,18051,13226.66667,12043,10442,2839,7663,25795,308285,12
2010,1,17894.33333,18135.66667,13279.33333,12088.66667,10499,2868,7688,25872,308901,1
2010,1,17894.33333,18135.66667,13279.33333,12088.66667,10499,2868,7688,25872,308901,2
2010,1,17894.33333,18135.66667,13279.33333,12088.66667,10499,2868,7688,25872,308901,3
2010,2,18033.33333,18276.66667,13474.33333,12173.66667,10622,2953,7716,25998,309488,4
2010,2,18033.33333,18276.66667,13474.33333,12173.66667,10622,2953,7716,25998,309488,5
2010,2,18033.33333,18276.66667,13474.33333,12173.66667,10622,2953,7716,25998,309488,6
2010,3,18133.66667,18365.33333,13518.66667,12234.66667,10679,2993,7728,26123,310148,7
2010,3,18133.66667,18365.33333,13518.66667,12234.66667,10679,2993,7728,26123,310148,8
2010,3,18133.66667,18365.33333,13518.66667,12234.66667,10679,2993,7728,26123,310148,9
2010,4,18189.66667,18437.66667,13540.66667,12283,10804,3070,7769,26130,310817,10
2010,4,18189.66667,18437.66667,13540.66667,12283,10804,3070,7769,26130,310817,11
2010,4,18189.66667,18437.66667,13540.66667,12283,10804,3070,7769,26130,310817,12
2011,1,18113.66667,18370.66667,13652.33333,12308,10839,3091,7781,26167,311376,1
2011,1,18113.66667,18370.66667,13652.33333,12308,10839,3091,7781,26167,311376,2
2011,1,18113.66667,18370.66667,13652.33333,12308,10839,3091,7781,26167,311376,3
2011,2,18203.33333,18456.66667,13600.66667,12298.33333,10779,3064,7750,26206,311940,4
2011,2,18203.33333,18456.66667,13600.66667,12298.33333,10779,3064,7750,26206,311940,5
2011,2,18203.33333,18456.66667,13600.66667,12298.33333,10779,3064,7750,26206,311940,6
2011,3,18160.66667,18439.33333,13644,12309.33333,10760,3085,7707,26264,312606,7
2011,3,18160.66667,18439.33333,13644,12309.33333,10760,3085,7707,26264,312606,8
2011,3,18160.66667,18439.33333,13644,12309.33333,10760,3085,7707,26264,312606,9
2011,4,18326.33333,18621,13646.33333,12305,10815,3152,7689,26185,313258,10
2011,4,18326.33333,18621,13646.33333,12305,10815,3152,7689,26185,313258,11
2011,4,18326.33333,18621,13646.33333,12305,10815,3152,7689,26185,313258,12
2012,1,18447.33333,18722.66667,13831,12371.66667,10933,3223,7732,26257,313813,1
2012,1,18447.33333,18722.66667,13831,12371.66667,10933,3223,7732,26257,313813,2
2012,1,18447.33333,18722.66667,13831,12371.66667,10933,3223,7732,26257,313813,3
2012,2,18496.66667,18750.33333,13899.33333,12371.33333,10912,3224,7709,26281,314373,4
2012,2,18496.66667,18750.33333,13899.33333,12371.33333,10912,3224,7709,26281,314373,5
2012,2,18496.66667,18750.33333,13899.33333,12371.33333,10912,3224,7709,26281,314373,6
2012,3,18484.66667,18738,13760.33333,12370.66667,10937,3259,7697,26249,315030,7
2012,3,18484.66667,18738,13760.33333,12370.66667,10937,3259,7697,26249,315030,8
2012,3,18484.66667,18738,13760.33333,12370.66667,10937,3259,7697,26249,315030,9
2012,4,18467.66667,18717,14114,12394.33333,10992,3326,7681,26260,315685,10
2012,4,18467.66667,18717,14114,12394.33333,10992,3326,7681,26260,315685,11
2012,4,18467.66667,18717,14114,12394.33333,10992,3326,7681,26260,315685,12
2013,1,18619.66667,18855,13533,12454.66667,11175,3404,7785,26237,316196,1
2013,1,18619.66667,18855,13533,12454.66667,11175,3404,7785,26237,316196,2
2013,1,18619.66667,18855,13533,12454.66667,11175,3404,7785,26237,316196,3
2013,2,18638,18887,13612.33333,12469,11180,3414,7779,26277,316733,4
2013,2,18638,18887,13612.33333,12469,11180,3414,7779,26277,316733,5
2013,2,18638,18887,13612.33333,12469,11180,3414,7779,26277,316733,6
2013,3,18757.33333,19017.33333,13631.33333,12493.66667,11247,3438,7822,26276,317396,7
2013,3,18757.33333,19017.33333,13631.33333,12493.66667,11247,3438,7822,26276,317396,8
2013,3,18757.33333,19017.33333,13631.33333,12493.66667,11247,3438,7822,26276,317396,9
2013,4,18880.66667,19133.33333,13621.33333,12577,11334,3466,7881,26437,318072,10
2013,4,18880.66667,19133.33333,13621.33333,12577,11334,3466,7881,26437,318072,11
2013,4,18880.66667,19133.33333,13621.33333,12577,11334,3466,7881,26437,318072,12
2014,1,18781.66667,19034.66667,13755.33333,12599.33333,11399,3518,7892,26434,318645,1
2014,1,18781.66667,19034.66667,13755.33333,12599.33333,11399,3518,7892,26434,318645,2
2014,1,18781.66667,19034.66667,13755.33333,12599.33333,11399,3518,7892,26434,318645,3
2014,2,18989.33333,19231,13902.66667,12697.33333,11592,3643,7958,26522,319228,4
2014,2,18989.33333,19231,13902.66667,12697.33333,11592,3643,7958,26522,319228,5
2014,2,18989.33333,19231,13902.66667,12697.33333,11592,3643,7958,26522,319228,6
2014,3,19178.66667,19444,14003.33333,12795,11698,3698,8008,26708,319919,7
2014,3,19178.66667,19444,14003.33333,12795,11698,3698,8008,26708,319919,8
2014,3,19178.66667,19444,14003.33333,12795,11698,3698,8008,26708,319919,9
2014,4,19234,19467.33333,14172.33333,12914.33333,11840,3761,8086,26921,320611,10
2014,4,19234,19467.33333,14172.33333,12914.33333,11840,3761,8086,26921,320611,11
2014,4,19234,19467.33333,14172.33333,12914.33333,11840,3761,8086,26921,320611,12
2015,1,19373.66667,19607.33333,14342.33333,12991,11972,3826,8152,27013,321168,1
2015,1,19373.66667,19607.33333,14342.33333,12991,11972,3826,8152,27013,321168,2
2015,1,19373.66667,19607.33333,14342.33333,12991,11972,3826,8152,27013,321168,3
2015,2,19458.66667,19679.66667,14360,13057,12078,3897,8187,27102,321744,4
2015,2,19458.66667,19679.66667,14360,13057,12078,3897,8187,27102,321744,5
2015,2,19458.66667,19679.66667,14360,13057,12078,3897,8187,27102,321744,6
2015,3,19495.33333,19716.33333,14409.33333,13121,12189,3939,8255,27179,322428,7
2015,3,19495.33333,19716.33333,14409.33333,13121,12189,3939,8255,27179,322428,8
2015,3,19495.33333,19716.33333,14409.33333,13121,12189,3939,8255,27179,322428,9
2015,4,19490,19731.66667,14460.33333,13146.66667,12220,3956,8269,27225,323110,10
2015,4,19490,19731.66667,14460.33333,13146.66667,12220,3956,8269,27225,323110,11
2015,4,19490,19731.66667,14460.33333,13146.66667,12220,3956,8269,27225,323110,12
2016,1,19568,19790.33333,14551.66667,13222.33333,12329,4002,8331,27341,323689,1
2016,1,19568,19790.33333,14551.66667,13222.33333,12329,4002,8331,27341,323689,2
2016,1,19568,19790.33333,14551.66667,13222.33333,12329,4002,8331,27341,323689,3
2016,2,19595.66667,19817.66667,14496.66667,13264,12414,4028,8389,27381,324265,4
2016,2,19595.66667,19817.66667,14496.66667,13264,12414,4028,8389,27381,324265,5
2016,2,19595.66667,19817.66667,14496.66667,13264,12414,4028,8389,27381,324265,6
2016,3,19694.66667,19919.66667,14549,13329.33333,12521,4123,8399,27468,324926,7
2016,3,19694.66667,19919.66667,14549,13329.33333,12521,4123,8399,27468,324926,8
2016,3,19694.66667,19919.66667,14549,13329.33333,12521,4123,8399,27468,324926,9
2016,4,19765.33333,20046,14615,13372,12576,4180,8397,27540,325557,10
2016,4,19765.33333,20046,14615,13372,12576,4180,8397,27540,325557,11
2016,4,19765.33333,20046,14615,13372,12576,4180,8397,27540,325557,12
2017,1,19831.33333,20107,14744.33333,13454.33333,12670,4207,8463,27693,326053,1
2017,1,19831.33333,20107,14744.33333,13454.33333,12670,4207,8463,27693,326053,2
2017,1,19831.33333,20107,14744.33333,13454.33333,12670,4207,8463,27693,326053,3
2017,2,19912,20177.66667,14882.33333,13500.33333,12785,4254,8531,27715,326554,4
2017,2,19912,20177.66667,14882.33333,13500.33333,12785,4254,8531,27715,326554,5
2017,2,19912,20177.66667,14882.33333,13500.33333,12785,4254,8531,27715,326554,6
2017,3,20033,20342,14959.33333,13567.33333,12921,4356,8565,27781,327140,7
2017,3,20033,20342,14959.33333,13567.33333,12921,4356,8565,27781,327140,8
2017,3,20033,20342,14959.33333,13567.33333,12921,4356,8565,27781,327140,9
2017,4,20224.66667,20569,15026.66667,13692.66667,13170,4510,8661,27908,327692,10
2017,4,20224.66667,20569,15026.66667,13692.66667,13170,4510,8661,27908,327692,11
2017,4,20224.66667,20569,15026.66667,13692.66667,13170,4510,8661,27908,327692,12
2018,1,20364.33333,20693,15166,13775,13275,4563,8714,28051,328091,1
2018,1,20364.33333,20693,15166,13775,13275,4563,8714,28051,328091,2
2018,1,20364.33333,20693,15166,13775,13275,4563,8714,28051,328091,3
2018,2,20445.33333,20760.33333,15282,13830.33333,13289,4583,8708,28204,328526,4
2018,2,20445.33333,20760.33333,15282,13830.33333,13289,4583,8708,28204,328526,5
2018,2,20445.33333,20760.33333,15282,13830.33333,13289,4583,8708,28204,328526,6
2018,3,20540.66667,20819,15419,13872.33333,13329,4609,8722,28290,329040,7
2018,3,20540.66667,20819,15419,13872.33333,13329,4609,8722,28290,329040,8
2018,3,20540.66667,20819,15419,13872.33333,13329,4609,8722,28290,329040,9
2018,4,20539.66667,20822.66667,15543,13895.33333,13377,4610,8770,28311,329522,10
2018,4,20539.66667,20822.66667,15543,13895.33333,13377,4610,8770,28311,329522,11
2018,4,20539.66667,20822.66667,15543,13895.33333,13377,4610,8770,28311,329522,12
2019,1,20629.66667,20928.66667,15704.66667,13897,13393,4568,8824,28301,329868,1
2019,1,20629.66667,20928.66667,15704.66667,13897,13393,4568,8824,28301,329868,2
2019,1,20629.66667,20928.66667,15704.66667,13897,13393,4568,8824,28301,329868,3
2019,2,20777,21074.66667,15675.33333,13992.33333,13599,4679,8921,28385,330245,4
2019,2,20777,21074.66667,15675.33333,13992.33333,13599,4679,8921,28385,330245,5
2019,2,20777,21074.66667,15675.33333,13992.33333,13599,4679,8921,28385,330245,6
2019,3,20981.66667,21267,15760.33333,14114,13772,4779,8996,28578,330729,7
2019,3,20981.66667,21267,15760.33333,14114,13772,4779,8996,28578,330729,8
2019,3,20981.66667,21267,15760.33333,14114,13772,4779,8996,28578,330729,9
2019,4,21085.66667,21354,15828,14184.33333,13816,4839,8982,28741,331208,10
2019,4,21085.66667,21354,15828,14184.33333,13816,4839,8982,28741,331208,11
2019,4,21085.66667,21354,15828,14184.33333,13816,4839,8982,28741,331208,12
2020,1,20777.66667,21052.33333,15907.33333,13937.33333,13729,4620,9106,28092,331537,1
2020,1,20777.66667,21052.33333,15907.33333,13937.33333,13729,4620,9106,28092,331537,2
2020,1,20777.66667,21052.33333,15907.33333,13937.33333,13729,4620,9106,28092,331537,3
2020,2,19127.66667,19313.33333,17469.33333,12730.66667,13416,4615,8802,24841,331715,4
2020,2,19127.66667,19313.33333,17469.33333,12730.66667,13416,4615,8802,24841,331715,5
2020,2,19127.66667,19313.33333,17469.33333,12730.66667,13416,4615,8802,24841,331715,6
2020,3,20601,20821,16848,13854,14882,5490,9409,26769,331887,7
2020,3,20601,20821,16848,13854,14882,5490,9409,26769,331887,8
2020,3,20601,20821,16848,13854,14882,5490,9409,26769,331887,9
2020,4,20803.66667,20999,16508.33333,14036.66667,14992,5564,9446,27200,332060,10
2020,4,20803.66667,20999,16508.33333,14036.66667,14992,5564,9446,27200,332060,11
2020,4,20803.66667,20999,16508.33333,14036.66667,14992,5564,9446,27200,332060,12
2021,1,21074.66667,21304.66667,18454.66667,14339.66667,15577,5924,9677,27544,332005,1
2021,1,21074.66667,21304.66667,18454.66667,14339.66667,15577,5924,9677,27544,332005,2
2021,1,21074.66667,21304.66667,18454.66667,14339.66667,15577,5924,9677,27544,332005,3
2021,2,21384.33333,21556.66667,17015.66667,14797.33333,16112,6122,10013,28388,332166,4
2021,2,21384.33333,21556.66667,17015.66667,14797.33333,16112,6122,10013,28388,332166,5
2021,2,21384.33333,21556.66667,17015.66667,14797.33333,16112,6122,10013,28388,332166,6
2021,3,21537,21698.66667,16772.33333,14886.33333,15742,5727,10030,28996,332497,7
2021,3,21537,21698.66667,16772.33333,14886.33333,15742,5727,10030,28996,332497,8
2021,3,21537,21698.66667,16772.33333,14886.33333,15742,5727,10030,28996,332497,9
2021,4,21882.66667,22051.66667,16514.66667,15019.66667,15942,5874,10085,29200,332802,10
2021,4,21882.66667,22051.66667,16514.66667,15019.66667,15942,5874,10085,29200,332802,11
2021,4,21882.66667,22051.66667,16514.66667,15019.66667,15942,5874,10085,29200,332802,12
2022,1,21761.33333,21906.66667,16083.33333,15010.66667,15885,5893,10010,29229,332991,1
2022,1,21761.33333,21906.66667,16083.33333,15010.66667,15885,5893,10010,29229,332991,2
2022,1,21761.33333,21906.66667,16083.33333,15010.66667,15885,5893,10010,29229,332991,3
2022,2,21709,21897.33333,16010.33333,15069.66667,15857,5874,10001,29434,333320,4
2022,2,21709,21897.33333,16010.33333,15069.66667,15857,5874,10001,29434,333320,5
2022,2,21709,21897.33333,16010.33333,15069.66667,15857,5874,10001,29434,333320,6
2022,3,21823,22000.33333,16131,15108,15807,5879,9946,29597,333762,7
2022,3,21823,22000.33333,16131,15108,15807,5879,9946,29597,333762,8
2022,3,21823,22000.33333,16131,15108,15807,5879,9946,29597,333762,9
2022,4,21933,22103.66667,16197.33333,15132,15784,5857,9945,29689,334201,10
2022,4,21933,22103.66667,16197.33333,15132,15784,5857,9945,29689,334201,11
2022,4,21933,22103.66667,16197.33333,15132,15784,5857,9945,29689,334201,12
2023,1,22032,22179.66667,16602.33333,15257.33333,15965,6046,9947,29888,334547,1
2023,1,22032,22179.66667,16602.33333,15257.33333,15965,6046,9947,29888,334547,2
2023,1,22032,22179.66667,16602.33333,15257.33333,15965,6046,9947,29888,334547,3
2023,2,22119,22277.66667,16717,15270.33333,15965,6034,9959,29926,334934,4
2023,2,22119,22277.66667,16717,15270.33333,15965,6034,9959,29926,334934,5
2023,2,22119,22277.66667,16717,15270.33333,15965,6034,9959,29926,334934,6
2023,3,22350,22500.33333,16714.33333,15364.66667,16132,6123,10039,30047,335430,7
2023,3,22350,22500.33333,16714.33333,15364.66667,16132,6123,10039,30047,335430,8
2023,3,22350,22500.33333,16714.33333,15364.66667,16132,6123,10039,30047,335430,9
2023,4,22504.33333,22651.33333,16726.33333,15466.66667,16227,6162,10095,30257,335923,10
2023,4,22504.33333,22651.33333,16726.33333,15466.66667,16227,6162,10095,30257,335923,11
2023,4,22504.33333,22651.33333,16726.33333,15466.66667,16227,6162,10095,30257,335923,12
2024,1,22557.33333,22693,16762.33333,15504.66667,16116,6086,10057,30470,336308,1
2024,1,22557.33333,22693,16762.33333,15504.66667,16116,6086,10057,30470,336308,2
2024,1,22557.33333,22693,16762.33333,15504.66667,16116,6086,10057,30470,336308,3
2024,2,22696,22814.66667,16786.66667,15598,16217,6152,10095,30650,336692,4
2024,2,22696,22814.66667,16786.66667,15598,16217,6152,10095,30650,336692,5
2024,2,22696,22814.66667,16786.66667,15598,16217,6152,10095,30650,336692,6