year,abbr,pop,area,density
1948,AL,2969000,50750,58.5
1948,AR,1825000,52075,35.05
1948,AZ,690000,113642,6.07
1948,CA,10064000,155973,64.52
1948,CO,1263000,103730,12.18
1948,CT,2014000,4845,415.69
1948,DE,312000,1955,159.59
1948,FL,2578000,53997,47.74
1948,GA,3259000,57919,56.27
1948,IA,2543000,55875,45.51
1948,ID,551000,82751,6.66
1948,IL,8552000,55593,153.83
1948,IN,3877000,35870,108.08
1948,KS,1892000,81823,23.12
1948,KY,2817000,39732,70.9
1948,LA,2596000,43566,59.59
1948,MA,4674000,7838,596.33
1948,MD,2271000,9775,232.33
1948,ME,878000,30865,28.45
1948,MI,6213000,56539,109.89
1948,MN,2868000,79617,36.02
1948,MO,3844000,68898,55.79
1948,MS,2076000,46914,44.25
1948,MT,542000,145556,3.72
1948,NC,3837000,48718,78.76
1948,ND,580000,68994,8.41
1948,NE,1265000,76878,16.45
1948,NH,520000,8969,57.98
1948,NJ,4774000,7419,643.48
1948,NM,604000,121365,4.98
1948,NV,156000,109806,1.42
1948,NY,14497000,47224,306.98
1948,OH,7876000,40953,192.32
1948,OK,2089000,68679,30.42
1948,OR,1405000,96003,14.63
1948,PA,10287000,44820,229.52
1948,RI,787000,1034,761.12
1948,SC,1996000,30111,66.29
1948,SD,612000,75898,8.06
1948,TN,3216000,41220,78.02
1948,TX,7626000,261914,29.12
1948,UT,653000,82168,7.95
1948,VA,3207000,39598,80.99
1948,VT,359000,9249,38.82
1948,WA,2255000,66582,33.87
1948,WI,3314000,54314,61.02
1948,WV,1899000,24087,78.84
1948,WY,269000,97105,2.77
1952,AK,189000,570641,0.33
1952,AL,3068000,50750,60.45
1952,AR,1838000,52075,35.3
1952,AZ,842000,113642,7.41
1952,CA,11635000,155973,74.6
1952,CO,1365000,103730,13.16
1952,CT,2081000,4845,429.51
1952,DE,341000,1955,174.42
1952,FL,3157000,53997,58.47
1952,GA,3584000,57919,61.88
1952,HI,517000,6423,80.49
1952,IA,2626000,55875,47
1952,ID,587000,82751,7.09
1952,IL,8956000,55593,161.1
1952,IN,4148000,35870,115.64
1952,KS,1977000,81823,24.16
1952,KY,2920000,39732,73.49
1952,LA,2842000,43566,65.23
1952,MA,4650000,7838,593.26
1952,MD,2500000,9775,255.75
1952,ME,915000,30865,29.65
1952,MI,6650000,56539,117.62
1952,MN,3030000,79617,38.06
1952,MO,3972000,68898,57.65
1952,MS,2152000,46914,45.87
1952,MT,602000,145556,4.14
1952,NC,4109000,48718,84.34
1952,ND,608000,68994,8.81
1952,NE,1311000,76878,17.05
1952,NH,535000,8969,59.65
1952,NJ,5125000,7419,690.79
1952,NM,735000,121365,6.06
1952,NV,181000,109806,1.65
1952,NY,15192000,47224,321.7
1952,OH,8275000,40953,202.06
1952,OK,2219000,68679,32.31
1952,OR,1582000,96003,16.48
1952,PA,10503000,44820,234.34
1952,RI,802000,1034,775.63
1952,SC,2178000,30111,72.33
1952,SD,651000,75898,8.58
1952,TN,3352000,41220,81.32
1952,TX,8314000,261914,31.74
1952,UT,724000,82168,8.81
1952,VA,3504000,39598,88.49
1952,VT,375000,9249,40.54
1952,WA,2448000,66582,36.77
1952,WI,3469000,54314,63.87
1952,WV,1957000,24087,81.25
1952,WY,293000,97105,3.02
1956,AK,224000,570641,0.39
1956,AL,3071000,50750,60.51
1956,AR,1704000,52075,32.72
1956,AZ,1053000,113642,9.27
1956,CA,13713000,155973,87.92
1956,CO,1625000,103730,15.67
1956,CT,2316000,4845,478.02
1956,DE,408000,1955,208.7
1956,FL,4047000,53997,74.95
1956,GA,3701000,57919,63.9
1956,HI,559000,6423,87.03
1956,IA,2703000,55875,48.38
1956,ID,628000,82751,7.59
1956,IL,9530000,55593,171.42
1956,IN,4458000,35870,124.28
1956,KS,2119000,81823,25.9
1956,KY,2898000,39732,72.94
1956,LA,3032000,43566,69.6
1956,MA,4891000,7838,624.01
1956,MD,2811000,9775,287.57
1956,ME,938000,30865,30.39
1956,MI,7467000,56539,132.07
1956,MN,3240000,79617,40.69
1956,MO,4163000,68898,60.42
1956,MS,2086000,46914,44.46
1956,MT,656000,145556,4.51
1956,NC,4309000,48718,88.45
1956,ND,613000,68994,8.88
1956,NE,1397000,76878,18.17
1956,NH,566000,8969,63.11
1956,NJ,5615000,7419,756.84
1956,NM,806000,121365,6.64
1956,NV,250000,109806,2.28
1956,NY,16112000,47224,341.18
1956,OH,9207000,40953,224.82
1956,OK,2273000,68679,33.1
1956,OR,1698000,96003,17.69
1956,PA,10972000,44820,244.8
1956,RI,840000,1034,812.38
1956,SC,2229000,30111,74.03
1956,SD,670000,75898,8.83
1956,TN,3415000,41220,82.85
1956,TX,8830000,261914,33.71
1956,UT,809000,82168,9.85
1956,VA,3722000,39598,93.99
1956,VT,377000,9249,40.76
1956,WA,2668000,66582,40.07
1956,WI,3742000,54314,68.9
1956,WV,1857000,24087,77.1
1956,WY,312000,97105,3.21
1960,AK,229000,570641,0.4
1960,AL,3274000,50750,64.51
1960,AR,1789000,52075,34.35
1960,AZ,1321000,113642,11.62
1960,CA,15870000,155973,101.75
1960,CO,1769000,103730,17.05
1960,CT,2544000,4845,525.08
1960,DE,449000,1955,229.67
1960,FL,5004000,53997,92.67
1960,GA,3956000,57919,68.3
1960,HI,642000,6423,99.95
1960,IA,2756000,55875,49.32
1960,ID,671000,82751,8.11
1960,IL,10086000,55593,181.43
1960,IN,4674000,35870,130.3
1960,KS,2183000,81823,26.68
1960,KY,3041000,39732,76.54
1960,LA,3260000,43566,74.83
1960,MA,5160000,7838,658.33
1960,MD,3113000,9775,318.47
1960,ME,975000,30865,31.59
1960,MI,7834000,56539,138.56
1960,MN,3425000,79617,43.02
1960,MO,4326000,68898,62.79
1960,MS,2182000,46914,46.51
1960,MT,679000,145556,4.66
1960,NC,4573000,48718,93.87
1960,ND,634000,68994,9.19
1960,NE,1417000,76878,18.43
1960,NH,609000,8969,67.9
1960,NJ,6103000,7419,822.62
1960,NM,954000,121365,7.86
1960,NV,291000,109806,2.65
1960,NY,16838000,47224,356.56
1960,OH,9734000,40953,237.69
1960,OK,2336000,68679,34.01
1960,OR,1772000,96003,18.46
1960,PA,11329000,44820,252.77
1960,RI,855000,1034,826.89
1960,SC,2392000,30111,79.44
1960,SD,683000,75898,9
1960,TN,3575000,41220,86.73
1960,TX,9624000,261914,36.74
1960,UT,900000,82168,10.95
1960,VA,3986000,39598,100.66
1960,VT,389000,9249,42.06
1960,WA,2855000,66582,42.88
1960,WI,3962000,54314,72.95
1960,WV,1853000,24087,76.93
1960,WY,331000,97105,3.41
1964,AK,263000,570641,0.46
1964,AL,3395000,50750,66.9
1964,AR,1897000,52075,36.43
1964,AZ,1556000,113642,13.69
1964,CA,18151000,155973,116.37
1964,CO,1970000,103730,18.99
1964,CT,2798000,4845,577.5
1964,DE,497000,1955,254.22
1964,FL,5781000,53997,107.06
1964,GA,4258000,57919,73.52
1964,HI,700000,6423,108.98
1964,IA,2746000,55875,49.15
1964,ID,680000,82751,8.22
1964,IL,10580000,55593,190.31
1964,IN,4856000,35870,135.38
1964,KS,2209000,81823,27
1964,KY,3129000,39732,78.75
1964,LA,3446000,43566,79.1
1964,MA,5448000,7838,695.08
1964,MD,3492000,9775,357.24
1964,ME,993000,30865,32.17
1964,MI,8187000,56539,144.8
1964,MN,3558000,79617,44.69
1964,MO,4442000,68898,64.47
1964,MS,2241000,46914,47.77
1964,MT,706000,145556,4.85
1964,NC,4802000,48718,98.57
1964,ND,649000,68994,9.41
1964,NE,1482000,76878,19.28
1964,NH,663000,8969,73.92
1964,NJ,6660000,7419,897.7
1964,NM,1006000,121365,8.29
1964,NV,426000,109806,3.88
1964,NY,17589000,47224,372.46
1964,OH,10080000,40953,246.14
1964,OK,2446000,68679,35.61
1964,OR,1888000,96003,19.67
1964,PA,11519000,44820,257.01
1964,RI,885000,1034,855.9
1964,SC,2475000,30111,82.2
1964,SD,701000,75898,9.24
1964,TN,3771000,41220,91.48
1964,TX,10270000,261914,39.21
1964,UT,978000,82168,11.9
1964,VA,4357000,39598,110.03
1964,VT,399000,9249,43.14
1964,WA,2961000,66582,44.47
1964,WI,4165000,54314,76.68
1964,WV,1797000,24087,74.6
1964,WY,339000,97105,3.49
1968,AK,285000,570641,0.5
1968,AL,3446000,50750,67.9
1968,AR,1902000,52075,36.52
1968,AZ,1682000,113642,14.8
1968,CA,19394000,155973,124.34
1968,CO,2120000,103730,20.44
1968,CT,2964000,4845,611.76
1968,DE,534000,1955,273.15
1968,FL,6433000,53997,119.14
1968,GA,4482000,57919,77.38
1968,HI,734000,6423,114.28
1968,IA,2803000,55875,50.17
1968,ID,695000,82751,8.4
1968,IL,10995000,55593,197.78
1968,IN,5093000,35870,141.98
1968,KS,2216000,81823,27.08
1968,KY,3195000,39732,80.41
1968,LA,3603000,43566,82.7
1968,MA,5618000,7838,716.76
1968,MD,3815000,9775,390.28
1968,ME,994000,30865,32.2
1968,MI,8696000,56539,153.81
1968,MN,3703000,79617,46.51
1968,MO,4568000,68898,66.3
1968,MS,2219000,46914,47.3
1968,MT,700000,145556,4.81
1968,NC,5004000,48718,102.71
1968,ND,621000,68994,9
1968,NE,1467000,76878,19.08
1968,NH,709000,8969,79.05
1968,NJ,7005000,7419,944.2
1968,NM,994000,121365,8.19
1968,NV,464000,109806,4.23
1968,NY,18051000,47224,382.24
1968,OH,10516000,40953,256.78
1968,OK,2503000,68679,36.44
1968,OR,2004000,96003,20.87
1968,PA,11741000,44820,261.96
1968,RI,922000,1034,891.68
1968,SC,2559000,30111,84.99
1968,SD,669000,75898,8.81
1968,TN,3878000,41220,94.08
1968,TX,10819000,261914,41.31
1968,UT,1029000,82168,12.52
1968,VA,4558000,39598,115.11
1968,VT,430000,9249,46.49
1968,WA,3270000,66582,49.11
1968,WI,4345000,54314,80
1968,WV,1763000,24087,73.19
1968,WY,324000,97105,3.34
1972,AK,324464,570641,0.57
1972,AL,3539400,50750,69.74
1972,AR,2018638,52075,38.76
1972,AZ,2008291,113642,17.67
1972,CA,20585469,155973,131.98
1972,CO,2404619,103730,23.18
1972,CT,3068699,4845,633.37
1972,DE,572913,1955,293.05
1972,FL,7511463,53997,139.11
1972,GA,4809490,57919,83.04
1972,HI,828331,6423,128.96
1972,IA,2860287,55875,51.19
1972,ID,763237,82751,9.22
1972,IL,11251948,55593,202.4
1972,IN,5302435,35870,147.82
1972,KS,2256375,81823,27.58
1972,KY,3335728,39732,83.96
1972,LA,3761646,43566,86.34
1972,MA,5760302,7838,734.92
1972,MD,4073499,9775,416.73
1972,ME,1034292,30865,33.51
1972,MI,9028944,56539,159.69
1972,MN,3869747,79617,48.6
1972,MO,4758780,68898,69.07
1972,MS,2307117,46914,49.18
1972,MT,718732,145556,4.94
1972,NC,5301150,48718,108.81
1972,ND,631119,68994,9.15
1972,NE,1519013,76878,19.76
1972,NH,781107,8969,87.09
1972,NJ,7335042,7419,988.68
1972,NM,1078697,121365,8.89
1972,NV,546789,109806,4.98
1972,NY,18339400,47224,388.35
1972,OH,10746993,40953,262.42
1972,OK,2658646,68679,38.71
1972,OR,2197297,96003,22.89
1972,PA,11908233,44820,265.69
1972,RI,974790,1034,942.74
1972,SC,2719197,30111,90.31
1972,SD,677234,75898,8.92
1972,TN,4094611,41220,99.34
1972,TX,11759148,261914,44.9
1972,UT,1135449,82168,13.82
1972,VA,4824472,39598,121.84
1972,VT,463143,9249,50.07
1972,WA,3447885,66582,51.78
1972,WI,4502412,54314,82.9
1972,WV,1797648,24087,74.63
1972,WY,347345,97105,3.58
1976,AK,400969,570641,0.7
1976,AL,3735139,50750,73.6
1976,AR,2170161,52075,41.67
1976,AZ,2346157,113642,20.65
1976,CA,21935909,155973,140.64
1976,CO,2632306,103730,25.38
1976,CT,3083335,4845,636.4
1976,DE,590166,1955,301.88
1976,FL,8667379,53997,160.52
1976,GA,5132812,57919,88.62
1976,HI,904191,6423,140.77
1976,IA,2903082,55875,51.96
1976,ID,856983,82751,10.36
1976,IL,11342853,55593,204.03
1976,IN,5389088,35870,150.24
1976,KS,2301001,81823,28.12
1976,KY,3529257,39732,88.83
1976,LA,3950605,43566,90.68
1976,MA,5743672,7838,732.8
1976,MD,4150539,9775,424.61
1976,ME,1088412,30865,35.26
1976,MI,9129205,56539,161.47
1976,MN,3964680,79617,49.8
1976,MO,4839029,68898,70.23
1976,MS,2429756,46914,51.79
1976,MT,757317,145556,5.2
1976,NC,5607964,48718,115.11
1976,ND,645797,68994,9.36
1976,NE,1550911,76878,20.17
1976,NH,845248,8969,94.24
1976,NJ,7339745,7419,989.32
1976,NM,1189295,121365,9.8
1976,NV,646975,109806,5.89
1976,NY,17940541,47224,379.9
1976,OH,10752662,40953,262.56
1976,OK,2826815,68679,41.16
1976,OR,2378262,96003,24.77
1976,PA,11897378,44820,265.45
1976,RI,946089,1034,914.98
1976,SC,2943657,30111,97.76
1976,SD,686390,75898,9.04
1976,TN,4346928,41220,105.46
1976,TX,12904089,261914,49.27
1976,UT,1274928,82168,15.52
1976,VA,5121863,39598,129.35
1976,VT,484928,9249,52.43
1976,WA,3693610,66582,55.47
1976,WI,4595904,54314,84.62
1976,WV,1879503,24087,78.03
1976,WY,396952,97105,4.09
1980,AK,405315,570641,0.71
1980,AL,3900368,50750,76.85
1980,AR,2288738,52075,43.95
1980,AZ,2737774,113642,24.09
1980,CA,23800800,155973,152.6
1980,CO,2908803,103730,28.04
1980,CT,3113174,4845,642.55
1980,DE,594919,1955,304.31
1980,FL,9839835,53997,182.23
1980,GA,5486174,57919,94.72
1980,HI,967710,6423,150.66
1980,IA,2914018,55875,52.15
1980,ID,947983,82751,11.46
1980,IL,11434702,55593,205.69
1980,IN,5490721,35870,153.07
1980,KS,2369039,81823,28.95
1980,KY,3664221,39732,92.22
1980,LA,4223101,43566,96.94
1980,MA,5746075,7838,733.1
1980,MD,4227643,9775,432.5
1980,ME,1126860,30865,36.51
1980,MI,9255553,56539,163.7
1980,MN,4085017,79617,51.31
1980,MO,4921966,68898,71.44
1980,MS,2525342,46914,53.83
1980,MT,788752,145556,5.42
1980,NC,5898980,48718,121.08
1980,ND,654380,68994,9.48
1980,NE,1572296,76878,20.45
1980,NH,924250,8969,103.05
1980,NJ,7376330,7419,994.25
1980,NM,1309400,121365,10.79
1980,NV,810215,109806,7.38
1980,NY,17566754,47224,371.99
1980,OH,10800650,40953,263.73
1980,OK,3040758,68679,44.27
1980,OR,2641218,96003,27.51
1980,PA,11868305,44820,264.8
1980,RI,948773,1034,917.58
1980,SC,3134502,30111,104.1
1980,SD,690851,75898,9.1
1980,TN,4600252,41220,111.6
1980,TX,14338208,261914,54.74
1980,UT,1472595,82168,17.92
1980,VA,5368334,39598,135.57
1980,VT,512524,9249,55.41
1980,WA,4154678,66582,62.4
1980,WI,4712045,54314,86.76
1980,WV,1951349,24087,81.01
1980,WY,474185,97105,4.88
1984,AK,513702,570641,0.9
1984,AL,3951820,50750,77.87
1984,AR,2319768,52075,44.55
1984,AZ,3067135,113642,26.99
1984,CA,25844393,155973,165.7
1984,CO,3169992,103730,30.56
1984,CT,3180014,4845,656.35
1984,DE,611565,1955,312.82
1984,FL,11039925,53997,204.45
1984,GA,5834954,57919,100.74
1984,HI,1027922,6423,160.04
1984,IA,2858618,55875,51.16
1984,ID,990839,82751,11.97
1984,IL,11412132,55593,205.28
1984,IN,5458322,35870,152.17
1984,KS,2424086,81823,29.63
1984,KY,3695453,39732,93.01
1984,LA,4400477,43566,101.01
1984,MA,5840773,7838,745.19
1984,MD,4365243,9775,446.57
1984,ME,1155635,30865,37.44
1984,MI,9049452,56539,160.06
1984,MN,4157706,79617,52.22
1984,MO,4975278,68898,72.21
1984,MS,2578051,46914,54.95
1984,MT,820905,145556,5.64
1984,NC,6164006,48718,126.52
1984,ND,680497,68994,9.86
1984,NE,1588639,76878,20.66
1984,NH,976864,8969,108.92
1984,NJ,7515473,7419,1013
1984,NM,1416717,121365,11.67
1984,NV,924922,109806,8.42
1984,NY,17745684,47224,375.78
1984,OH,10737746,40953,262.2
1984,OK,3285533,68679,47.84
1984,OR,2666588,96003,27.78
1984,PA,11815172,44820,263.61
1984,RI,961894,1034,930.26
1984,SC,3271868,30111,108.66
1984,SD,697249,75898,9.19
1984,TN,4686737,41220,113.7
1984,TX,16007086,261914,61.12
1984,UT,1622342,82168,19.74
1984,VA,5643870,39598,142.53
1984,VT,526660,9249,56.94
1984,WA,4343656,66582,65.24
1984,WI,4735563,54314,87.19
1984,WV,1927697,24087,80.03
1984,WY,504896,97105,5.2
1988,AK,541983,570641,0.95
1988,AL,4023844,50750,79.29
1988,AR,2342656,52075,44.99
1988,AZ,3535183,113642,31.11
1988,CA,28464249,155973,182.49
1988,CO,3262281,103730,31.45
1988,CT,3271953,4845,675.33
1988,DE,647622,1955,331.26
1988,FL,12306395,53997,227.91
1988,GA,6316142,57919,109.05
1988,HI,1079828,6423,168.12
1988,IA,2768388,55875,49.55
1988,ID,985664,82751,11.91
1988,IL,11390183,55593,204.89
1988,IN,5491735,35870,153.1
1988,KS,2461996,81823,30.09
1988,KY,3679999,39732,92.62
1988,LA,4288863,43566,98.45
1988,MA,5979982,7838,762.95
1988,MD,4657904,9775,476.51
1988,ME,1203840,30865,39
1988,MI,9217998,56539,163.04
1988,MN,4296166,79617,53.96
1988,MO,5081736,68898,73.76
1988,MS,2580352,46914,55
1988,MT,800202,145556,5.5
1988,NC,6480594,48718,133.02
1988,ND,655331,68994,9.5
1988,NE,1571477,76878,20.44
1988,NH,1082577,8969,120.7
1988,NJ,7712333,7419,1039.54
1988,NM,1490337,121365,12.28
1988,NV,1075022,109806,9.79
1988,NY,17941309,47224,379.92
1988,OH,10798552,40953,263.68
1988,OK,3167057,68679,46.11
1988,OR,2741297,96003,28.55
1988,PA,11845752,44820,264.3
1988,RI,996408,1034,963.64
1988,SC,3412096,30111,113.32
1988,SD,698165,75898,9.2
1988,TN,4822437,41220,116.99
1988,TX,16667022,261914,63.64
1988,UT,1689372,82168,20.56
1988,VA,6036909,39598,152.45
1988,VT,549763,9249,59.44
1988,WA,4639893,66582,69.69
1988,WI,4822388,54314,88.79
1988,WV,1830215,24087,75.98
1988,WY,465101,97105,4.79
1992,AK,587073,570641,1.03
1992,AL,4139269,50750,81.56
1992,AR,2394098,52075,45.97
1992,AZ,3867333,113642,34.03
1992,CA,30875920,155973,197.96
1992,CO,3459995,103730,33.36
1992,CT,3274997,4845,675.95
1992,DE,690158,1955,353.02
1992,FL,13504775,53997,250.1
1992,GA,6759474,57919,116.71
1992,HI,1149926,6423,179.03
1992,IA,2806923,55875,50.24
1992,ID,1066490,82751,12.89
1992,IL,11635197,55593,209.29
1992,IN,5648649,35870,157.48
1992,KS,2526042,81823,30.87
1992,KY,3756358,39732,94.54
1992,LA,4270849,43566,98.03
1992,MA,5993474,7838,764.67
1992,MD,4902545,9775,501.54
1992,ME,1235748,30865,40.04
1992,MI,9470323,56539,167.5
1992,MN,4471503,79617,56.16
1992,MO,5193686,68898,75.38
1992,MS,2610193,46914,55.64
1992,MT,822436,145556,5.65
1992,NC,6831850,48718,140.23
1992,ND,635427,68994,9.21
1992,NE,1602406,76878,20.84
1992,NH,1112766,8969,124.07
1992,NJ,7827770,7419,1055.1
1992,NM,1580750,121365,13.02
1992,NV,1330694,109806,12.12
1992,NY,18082032,47224,382.9
1992,OH,11007609,40953,268.79
1992,OK,3204174,68679,46.65
1992,OR,2973934,96003,30.98
1992,PA,11980819,44820,267.31
1992,RI,1000571,1034,967.67
1992,SC,3600576,30111,119.58
1992,SD,708698,75898,9.34
1992,TN,5013999,41220,121.64
1992,TX,17650479,261914,67.39
1992,UT,1821498,82168,22.17
1992,VA,6383315,39598,161.2
1992,VT,570115,9249,61.64
1992,WA,5139011,66582,77.18
1992,WI,5004636,54314,92.14
1992,WV,1805462,24087,74.96
1992,WY,463491,97105,4.77
1996,AK,604918,570641,1.06
1996,AL,4290403,50750,84.54
1996,AR,2504858,52075,48.1
1996,AZ,4432308,113642,39
1996,CA,31780829,155973,203.76
1996,CO,3812716,103730,36.76
1996,CT,3267030,4845,674.31
1996,DE,727090,1955,371.91
1996,FL,14426911,53997,267.18
1996,GA,7332225,57919,126.59
1996,HI,1184434,6423,184.41
1996,IA,2848473,55875,50.98
1996,ID,1187706,82751,14.35
1996,IL,11953003,55593,215.01
1996,IN,5834908,35870,162.67
1996,KS,2598266,81823,31.75
1996,KY,3881051,39732,97.68
1996,LA,4338763,43566,99.59
1996,MA,6085393,7838,776.4
1996,MD,5057142,9775,517.35
1996,ME,1241436,30865,40.22
1996,MI,9739184,56539,172.26
1996,MN,4647723,79617,58.38
1996,MO,5367888,68898,77.91
1996,MS,2709925,46914,57.76
1996,MT,876656,145556,6.02
1996,NC,7307658,48718,150
1996,ND,642858,68994,9.32
1996,NE,1647657,76878,21.43
1996,NH,1160768,8969,129.42
1996,NJ,8009624,7419,1079.61
1996,NM,1706151,121365,14.06
1996,NV,1596476,109806,14.54
1996,NY,18143805,47224,384.21
1996,OH,11187032,40953,273.17
1996,OK,3289634,68679,47.9
1996,OR,3195087,96003,33.28
1996,PA,12038008,44820,268.59
1996,RI,987858,1034,955.38
1996,SC,3738974,30111,124.17
1996,SD,730699,75898,9.63
1996,TN,5313576,41220,128.91
1996,TX,19006240,261914,72.57
1996,UT,2022253,82168,24.61
1996,VA,6665491,39598,168.33
1996,VT,586352,9249,63.4
1996,WA,5509963,66582,82.75
1996,WI,5173828,54314,95.26
1996,WV,1818983,24087,75.52
1996,WY,480085,97105,4.94
2000,AK,627963,570641,1.1
2000,AL,4452173,50750,87.73
2000,AR,2678588,52075,51.44
2000,AZ,5160586,113642,45.41
2000,CA,33987977,155973,217.91
2000,CO,4326921,103730,41.71
2000,CT,3411777,4845,704.19
2000,DE,786373,1955,402.24
2000,FL,16047515,53997,297.19
2000,GA,8227303,57919,142.05
2000,HI,1213519,6423,188.93
2000,IA,2929067,55875,52.42
2000,ID,1299430,82751,15.7
2000,IL,12434161,55593,223.66
2000,IN,6091866,35870,169.83
2000,KS,2693681,81823,32.92
2000,KY,4049021,39732,101.91
2000,LA,4471885,43566,102.65
2000,MA,6361104,7838,811.57
2000,MD,5311034,9775,543.33
2000,ME,1277072,30865,41.38
2000,MI,9952450,56539,176.03
2000,MN,4933692,79617,61.97
2000,MO,5607285,68898,81.39
2000,MS,2848353,46914,60.71
2000,MT,903773,145556,6.21
2000,NC,8081614,48718,165.89
2000,ND,642023,68994,9.31
2000,NE,1713820,76878,22.29
2000,NH,1239882,8969,138.24
2000,NJ,8430621,7419,1136.36
2000,NM,1821204,121365,15.01
2000,NV,2018741,109806,18.38
2000,NY,19001780,47224,402.38
2000,OH,11363543,40953,277.48
2000,OK,3454365,68679,50.3
2000,OR,3429708,96003,35.73
2000,PA,12284173,44820,274.08
2000,RI,1050268,1034,1015.73
2000,SC,4024223,30111,133.65
2000,SD,755844,75898,9.96
2000,TN,5703719,41220,138.37
2000,TX,20944499,261914,79.97
2000,UT,2244502,82168,27.32
2000,VA,7105817,39598,179.45
2000,VT,609618,9249,65.91
2000,WA,5910512,66582,88.77
2000,WI,5373999,54314,98.94
2000,WV,1807021,24087,75.02
2000,WY,494300,97105,5.09
2004,AK,659286,570641,1.16
2004,AL,4530729,50750,89.28
2004,AR,2749686,52075,52.8
2004,AZ,5652404,113642,49.74
2004,CA,35574576,155973,228.08
2004,CO,4575013,103730,44.11
2004,CT,3496094,4845,721.59
2004,DE,830803,1955,424.96
2004,FL,17415318,53997,322.52
2004,GA,8769252,57919,151.41
2004,HI,1273569,6423,198.28
2004,IA,2953635,55875,52.86
2004,ID,1391802,82751,16.82
2004,IL,12589773,55593,226.46
2004,IN,6233007,35870,173.77
2004,KS,2734373,81823,33.42
2004,KY,4146101,39732,104.35
2004,LA,4552238,43566,104.49
2004,MA,6412281,7838,818.1
2004,MD,5546935,9775,567.46
2004,ME,1313688,30865,42.56
2004,MI,10055315,56539,177.85
2004,MN,5087713,79617,63.9
2004,MO,5747741,68898,83.42
2004,MS,2889010,46914,61.58
2004,MT,930009,145556,6.39
2004,NC,8553152,48718,175.56
2004,ND,644705,68994,9.34
2004,NE,1749370,76878,22.76
2004,NH,1290121,8969,143.84
2004,NJ,8634561,7419,1163.84
2004,NM,1903808,121365,15.69
2004,NV,2346222,109806,21.37
2004,NY,19171567,47224,405.97
2004,OH,11452251,40953,279.64
2004,OK,3525233,68679,51.33
2004,OR,3569463,96003,37.18
2004,PA,12410722,44820,276.9
2004,RI,1074579,1034,1039.24
2004,SC,4210921,30111,139.85
2004,SD,770396,75898,10.15
2004,TN,5910809,41220,143.4
2004,TX,22394023,261914,85.5
2004,UT,2401580,82168,29.23
2004,VA,7475575,39598,188.79
2004,VT,619920,9249,67.03
2004,WA,6178645,66582,92.8
2004,WI,5514026,54314,101.52
2004,WV,1816438,24087,75.41
2004,WY,509106,97105,5.24
2008,AK,687455,570641,1.2
2008,AL,4718206,50750,92.97
2008,AR,2874554,52075,55.2
2008,AZ,6280362,113642,55.26
2008,CA,36604337,155973,234.68
2008,CO,4889730,103730,47.14
2008,CT,3545579,4845,731.8
2008,DE,883874,1955,452.11
2008,FL,18527305,53997,343.12
2008,GA,9504843,57919,164.11
2008,HI,1332213,6423,207.41
2008,IA,3016734,55875,53.99
2008,ID,1534320,82751,18.54
2008,IL,12747038,55593,229.29
2008,IN,6424806,35870,179.11
2008,KS,2808076,81823,34.32
2008,KY,4289878,39732,107.97
2008,LA,4435586,43566,101.81
2008,MA,6468967,7838,825.33
2008,MD,5684965,9775,581.58
2008,ME,1330509,30865,43.11
2008,MI,9946889,56539,175.93
2008,MN,5247018,79617,65.9
2008,MO,5923916,68898,85.98
2008,MS,2947806,46914,62.83
2008,MT,976415,145556,6.71
2008,NC,9309449,48718,191.09
2008,ND,657569,68994,9.53
2008,NE,1796378,76878,23.37
2008,NH,1315906,8969,146.72
2008,NJ,8711090,7419,1174.16
2008,NM,2010662,121365,16.57
2008,NV,2653630,109806,24.17
2008,NY,19212436,47224,406.84
2008,OH,11515391,40953,281.19
2008,OK,3668976,68679,53.42
2008,OR,3768748,96003,39.26
2008,PA,12612285,44820,281.4
2008,RI,1055003,1034,1020.31
2008,SC,4528996,30111,150.41
2008,SD,799124,75898,10.53
2008,TN,6247411,41220,151.56
2008,TX,24309039,261914,92.81
2008,UT,2663029,82168,32.41
2008,VA,7833496,39598,197.83
2008,VT,624151,9249,67.48
2008,WA,6562231,66582,98.56
2008,WI,5640996,54314,103.86
2008,WV,1840310,24087,76.4
2008,WY,546043,97105,5.62
2012,AK,730443,570641,1.28
2012,AL,4815588,50750,94.89
2012,AR,2952164,52075,56.69
2012,AZ,6554978,113642,57.68
2012,CA,37948800,155973,243.3
2012,CO,5192647,103730,50.06
2012,CT,3594547,4845,741.91
2012,DE,915179,1955,468.12
2012,FL,19297822,53997,357.39
2012,GA,9901430,57919,170.95
2012,HI,1394804,6423,217.16
2012,IA,3076190,55875,55.05
2012,ID,1595324,82751,19.28
2012,IL,12882510,55593,231.73
2012,IN,6537703,35870,182.26
2012,KS,2885257,81823,35.26
2012,KY,4386346,39732,110.4
2012,LA,4600972,43566,105.61
2012,MA,6663005,7838,850.09
2012,MD,5886992,9775,602.25
2012,ME,1327729,30865,43.02
2012,MI,9897145,56539,175.05
2012,MN,5376643,79617,67.53
2012,MO,6024367,68898,87.44
2012,MS,2983816,46914,63.6
2012,MT,1003783,145556,6.9
2012,NC,9749476,48718,200.12
2012,ND,701176,68994,10.16
2012,NE,1853303,76878,24.11
2012,NH,1324232,8969,147.65
2012,NJ,8844942,7419,1192.2
2012,NM,2087309,121365,17.2
2012,NV,2743996,109806,24.99
2012,NY,19572932,47224,414.47
2012,OH,11548923,40953,282
2012,OK,3818814,68679,55.6
2012,OR,3899001,96003,40.61
2012,PA,12767118,44820,284.85
2012,RI,1054621,1034,1019.94
2012,SC,4717354,30111,156.67
2012,SD,833566,75898,10.98
2012,TN,6453898,41220,156.57
2012,TX,26084481,261914,99.59
2012,UT,2853375,82168,34.73
2012,VA,8185080,39598,206.7
2012,VT,626090,9249,67.69
2012,WA,6897058,66582,103.59
2012,WI,5719960,54314,105.31
2012,WV,1856872,24087,77.09
2012,WY,576305,97105,5.93
2016,AK,741456,570641,1.3
2016,AL,4863525,50750,95.83
2016,AR,2989918,52075,57.42
2016,AZ,6941072,113642,61.08
2016,CA,39167117,155973,251.11
2016,CO,5539215,103730,53.4
2016,CT,3578141,4845,738.52
2016,DE,948921,1955,485.38
2016,FL,20613477,53997,381.75
2016,GA,10301890,57919,177.87
2016,HI,1427559,6423,222.26
2016,IA,3131371,55875,56.04
2016,ID,1682380,82751,20.33
2016,IL,12820527,55593,230.61
2016,IN,6634304,35870,184.95
2016,KS,2910844,81823,35.57
2016,KY,4438182,39732,111.7
2016,LA,4678135,43566,107.38
2016,MA,6823608,7838,870.58
2016,MD,6003323,9775,614.15
2016,ME,1331317,30865,43.13
2016,MI,9950571,56539,175.99
2016,MN,5522744,79617,69.37
2016,MO,6087135,68898,88.35
2016,MS,2987938,46914,63.69
2016,MT,1040859,145556,7.15
2016,NC,10154788,48718,208.44
2016,ND,754434,68994,10.93
2016,NE,1905616,76878,24.79
2016,NH,1342307,8969,149.66
2016,NJ,8870827,7419,1195.69
2016,NM,2091630,121365,17.23
2016,NV,2917563,109806,26.57
2016,NY,19633428,47224,415.75
2016,OH,11634370,40953,284.09
2016,OK,3926331,68679,57.17
2016,OR,4089976,96003,42.6
2016,PA,12782275,44820,285.19
2016,RI,1056770,1034,1022.02
2016,SC,4957968,30111,164.66
2016,SD,862996,75898,11.37
2016,TN,6646010,41220,161.23
2016,TX,27914410,261914,106.58
2016,UT,3041868,82168,37.02
2016,VA,8410106,39598,212.39
2016,VT,623657,9249,67.43
2016,WA,7294771,66582,109.56
2016,WI,5772628,54314,106.28
2016,WV,1831023,24087,76.02
2016,WY,584215,97105,6.02
2020,AK,733391,570641,1.29
2020,AL,5024279,50750,99
2020,AR,3011524,52075,57.83
2020,AZ,7151502,113642,62.93
2020,CA,39538223,155973,253.49
2020,CO,5773714,103730,55.66
2020,CT,3605944,4845,744.26
2020,DE,989948,1955,506.37
2020,FL,21538187,53997,398.88
2020,GA,10711908,57919,184.95
2020,HI,1455271,6423,226.57
2020,IA,3190369,55875,57.1
2020,ID,1839106,82751,22.22
2020,IL,12812508,55593,230.47
2020,IN,6785528,35870,189.17
2020,KS,2937880,81823,35.91
2020,KY,4505836,39732,113.41
2020,LA,4657757,43566,106.91
2020,MA,7029917,7838,896.9
2020,MD,6177224,9775,631.94
2020,ME,1362359,30865,44.14
2020,MI,10077331,56539,178.24
2020,MN,5706494,79617,71.67
2020,MO,6154913,68898,89.33
2020,MS,2961279,46914,63.12
2020,MT,1084225,145556,7.45
2020,NC,10439388,48718,214.28
2020,ND,779094,68994,11.29
2020,NE,1961504,76878,25.51
2020,NH,1377529,8969,153.59
2020,NJ,9288994,7419,1252.05
2020,NM,2117522,121365,17.45
2020,NV,3104614,109806,28.27
2020,NY,20201249,47224,427.78
2020,OH,11799448,40953,288.12
2020,OK,3959353,68679,57.65
2020,OR,4237256,96003,44.14
2020,PA,13002700,44820,290.11
2020,RI,1097379,1034,1061.29
2020,SC,5118425,30111,169.99
2020,SD,886667,75898,11.68
2020,TN,6910840,41220,167.66
2020,TX,29145505,261914,111.28
2020,UT,3271616,82168,39.82
2020,VA,8631393,39598,217.98
2020,VT,643077,9249,69.53
2020,WA,7705281,66582,115.73
2020,WI,5893718,54314,108.51
2020,WV,1793716,24087,74.47
2020,WY,576851,97105,5.94
